hospital_name,description,code_1,code_1_type,code_2,code_2_type,code_3,code_3_type,code_4,code_4_type,billing_class,setting,drug_unit_of_measurement,drug_type_of_measurement,standard_charge_gross,standard_charge_discounted_cash,payer_name,plan_name,modifiers,standard_charge_negotiated_dollar,standard_charge_negotiated_percentage,standard_charge_negotiated_algorithm,estimated_amount,standard_charge_methodology,standard_charge_min,standard_charge_max,additional_generic_notes,Standard_treatment_name,Standard_payer_name,Standard_plan_name
mayo-clinic-florida,73718 MRI Scan of Leg Without Contrast Facility,PX-614000019,CDM,73718,CPT,614,RC,NULL,NULL,facility,outpatient,NULL,NULL,1991,1294.15,29_AETNA,ALL PRODUCTS,NULL,NULL,62,NULL,1234.42,percent of total billed charges,597.3,4845,NULL,"MRI Scan (Leg, No Contrast)",Aetna,Commercial (PPO/HMO)
mayo-clinic-florida,73718 MRI Scan of Leg Without Contrast Facility,PX-614000019,CDM,73718,CPT,614,RC,NULL,NULL,facility,outpatient,NULL,NULL,1991,1294.15,31_CENTRAL STATES,ALL PRODUCTS,NULL,NULL,65,NULL,1294.15,percent of total billed charges,597.3,4845,NULL,"MRI Scan (Leg, No Contrast)",Central States,Commercial (PPO/HMO)
mayo-clinic-florida,73718 MRI Scan of Leg Without Contrast Facility,PX-614000019,CDM,73718,CPT,614,RC,NULL,NULL,facility,outpatient,NULL,NULL,1991,1294.15,44_CIGNA,ALL PRODUCTS,NULL,NULL,60,NULL,1194.6,percent of total billed charges,597.3,4845,NULL,"MRI Scan (Leg, No Contrast)",Cigna,Commercial (PPO/HMO)
mayo-clinic-florida,73718 MRI Scan of Leg Without Contrast Facility,PX-614000019,CDM,73718,CPT,614,RC,NULL,NULL,facility,outpatient,NULL,NULL,1991,1294.15,121_BLUE CROSS BLUE SHIELD,ALL PRODUCTS,NULL,4845,NULL,NULL,1991,case rate,597.3,4845,NULL,"MRI Scan (Leg, No Contrast)",Blue Cross Blue Shield,Commercial (PPO/HMO)
mayo-clinic-florida,73718 MRI Scan of Leg Without Contrast Facility,PX-614000019,CDM,73718,CPT,614,RC,NULL,NULL,facility,outpatient,NULL,NULL,1991,1294.15,694_KAISER PERMANENTE TRANSPLANT,ALL PRODUCTS,NULL,NULL,75,NULL,1493.25,percent of total billed charges,597.3,4845,NULL,"MRI Scan (Leg, No Contrast)",Kaiser Permanente,Commercial (PPO/HMO)
mayo-clinic-florida,73718 MRI Scan of Leg Without Contrast Facility,PX-614000019,CDM,73718,CPT,614,RC,NULL,NULL,facility,outpatient,NULL,NULL,1991,1294.15,699_CENTRAL STATES TRANSPLANT,ALL PRODUCTS,NULL,NULL,90,NULL,1791.9,percent of total billed charges,597.3,4845,NULL,"MRI Scan (Leg, No Contrast)",Central States,Commercial (PPO/HMO)
mayo-clinic-florida,73718 MRI Scan of Leg Without Contrast Facility,PX-614000019,CDM,73718,CPT,614,RC,NULL,NULL,facility,outpatient,NULL,NULL,1991,1294.15,758_MEDICA,ALL PRODUCTS,NULL,NULL,80,NULL,1592.8,percent of total billed charges,597.3,4845,NULL,"MRI Scan (Leg, No Contrast)",Medica,Commercial (PPO/HMO)
mayo-clinic-florida,73718 MRI Scan of Leg Without Contrast Facility,PX-614000019,CDM,73718,CPT,614,RC,NULL,NULL,facility,outpatient,NULL,NULL,1991,1294.15,818_HEALTH PLANS INCORPORATED TRANSPLANT,ALL PRODUCTS,NULL,NULL,75,NULL,1493.25,percent of total billed charges,597.3,4845,NULL,"MRI Scan (Leg, No Contrast)",Health Plans Inc,Commercial (PPO/HMO)
mayo-clinic-florida,73718 MRI Scan of Leg Without Contrast Facility,PX-614000019,CDM,73718,CPT,614,RC,NULL,NULL,facility,outpatient,NULL,NULL,1991,1294.15,839_CIGNA,ALL PRODUCTS,NULL,NULL,75,NULL,1493.25,percent of total billed charges,597.3,4845,NULL,"MRI Scan (Leg, No Contrast)",Cigna,Commercial (PPO/HMO)
mayo-clinic-florida,73718 MRI Scan of Leg Without Contrast Facility,PX-614000019,CDM,73718,CPT,614,RC,NULL,NULL,facility,outpatient,NULL,NULL,1991,1294.15,1023_BLUE CROSS BLUE SHIELD,MISC. GOVERNMENT,NULL,4845,NULL,NULL,1991,case rate,597.3,4845,NULL,"MRI Scan (Leg, No Contrast)",Blue Cross Blue Shield,Government Plan
mayo-clinic-florida,73718 MRI Scan of Leg Without Contrast Facility,PX-614000019,CDM,73718,CPT,614,RC,NULL,NULL,facility,outpatient,NULL,NULL,1991,1294.15,1024_CIGNA,MISC. GOVERNMENT,NULL,NULL,60,NULL,1194.6,percent of total billed charges,597.3,4845,NULL,"MRI Scan (Leg, No Contrast)",Cigna,Misc. Government Plans
mayo-clinic-florida,73718 MRI Scan of Leg Without Contrast Facility,PX-614000019,CDM,73718,CPT,614,RC,NULL,NULL,facility,outpatient,NULL,NULL,1991,1294.15,1025_AETNA,MISC. GOVERNMENT,NULL,NULL,95,NULL,1891.45,percent of total billed charges,597.3,4845,NULL,"MRI Scan (Leg, No Contrast)",Aetna,Federal/State Plan
mayo-clinic-florida,73718 MRI Scan of Leg Without Contrast Facility,PX-614000019,CDM,73718,CPT,614,RC,NULL,NULL,facility,outpatient,NULL,NULL,1991,1294.15,1085_AETNA,ALL PRODUCTS,NULL,NULL,95,NULL,1891.45,percent of total billed charges,597.3,4845,NULL,"MRI Scan (Leg, No Contrast)",Aetna,Commercial (PPO/HMO)
mayo-clinic-florida,"Metabolic Panel,Comprehensive - Facility",PX-301000171,CDM,80053,CPT,301,RC,NULL,NULL,facility,outpatient,NULL,NULL,525,341.25,29_AETNA,ALL PRODUCTS,NULL,NULL,62,NULL,325.5,percent of total billed charges,157.5,509.25,NULL,Comprehensive Metabolic Blood Test,Aetna,Commercial (PPO/HMO)
mayo-clinic-florida,"Metabolic Panel,Comprehensive - Facility",PX-301000171,CDM,80053,CPT,301,RC,NULL,NULL,facility,outpatient,NULL,NULL,525,341.25,31_CENTRAL STATES,ALL PRODUCTS,NULL,NULL,65,NULL,341.25,percent of total billed charges,157.5,509.25,NULL,Comprehensive Metabolic Blood Test,Central States,Commercial (PPO/HMO)
mayo-clinic-florida,"Metabolic Panel,Comprehensive - Facility",PX-301000171,CDM,80053,CPT,301,RC,NULL,NULL,facility,outpatient,NULL,NULL,525,341.25,44_CIGNA,ALL PRODUCTS,NULL,NULL,60,NULL,315,percent of total billed charges,157.5,509.25,NULL,Comprehensive Metabolic Blood Test,Cigna,Commercial (PPO/HMO)
mayo-clinic-florida,"Metabolic Panel,Comprehensive - Facility",PX-301000171,CDM,80053,CPT,301,RC,NULL,NULL,facility,outpatient,NULL,NULL,525,341.25,121_BLUE CROSS BLUE SHIELD,ALL PRODUCTS,NULL,NULL,63.9,NULL,335.48,percent of total billed charges,157.5,509.25,NULL,Comprehensive Metabolic Blood Test,Blue Cross Blue Shield,Commercial (PPO/HMO)
mayo-clinic-florida,"Metabolic Panel,Comprehensive - Facility",PX-301000171,CDM,80053,CPT,301,RC,NULL,NULL,facility,outpatient,NULL,NULL,525,341.25,694_KAISER PERMANENTE TRANSPLANT,ALL PRODUCTS,NULL,NULL,75,NULL,393.75,percent of total billed charges,157.5,509.25,NULL,Comprehensive Metabolic Blood Test,Kaiser Permanente,Commercial (PPO/HMO)
mayo-clinic-florida,"Metabolic Panel,Comprehensive - Facility",PX-301000171,CDM,80053,CPT,301,RC,NULL,NULL,facility,outpatient,NULL,NULL,525,341.25,699_CENTRAL STATES TRANSPLANT,ALL PRODUCTS,NULL,NULL,90,NULL,472.5,percent of total billed charges,157.5,509.25,NULL,Comprehensive Metabolic Blood Test,Central States,Commercial (PPO/HMO)
mayo-clinic-florida,"Metabolic Panel,Comprehensive - Facility",PX-301000171,CDM,80053,CPT,301,RC,NULL,NULL,facility,outpatient,NULL,NULL,525,341.25,758_MEDICA,ALL PRODUCTS,NULL,NULL,80,NULL,420,percent of total billed charges,157.5,509.25,NULL,Comprehensive Metabolic Blood Test,Medica,Commercial (PPO/HMO)
mayo-clinic-florida,"Metabolic Panel,Comprehensive - Facility",PX-301000171,CDM,80053,CPT,301,RC,NULL,NULL,facility,outpatient,NULL,NULL,525,341.25,818_HEALTH PLANS INCORPORATED TRANSPLANT,ALL PRODUCTS,NULL,NULL,75,NULL,393.75,percent of total billed charges,157.5,509.25,NULL,Comprehensive Metabolic Blood Test,Health Plans Inc,Commercial (PPO/HMO)
mayo-clinic-florida,"Metabolic Panel,Comprehensive - Facility",PX-301000171,CDM,80053,CPT,301,RC,NULL,NULL,facility,outpatient,NULL,NULL,525,341.25,839_CIGNA,ALL PRODUCTS,NULL,NULL,75,NULL,393.75,percent of total billed charges,157.5,509.25,NULL,Comprehensive Metabolic Blood Test,Cigna,Commercial (PPO/HMO)
mayo-clinic-florida,"Metabolic Panel,Comprehensive - Facility",PX-301000171,CDM,80053,CPT,301,RC,NULL,NULL,facility,outpatient,NULL,NULL,525,341.25,1023_BLUE CROSS BLUE SHIELD,MISC. GOVERNMENT,NULL,NULL,64.9,NULL,340.73,percent of total billed charges,157.5,509.25,NULL,Comprehensive Metabolic Blood Test,Blue Cross Blue Shield,Government Plan
mayo-clinic-florida,"Metabolic Panel,Comprehensive - Facility",PX-301000171,CDM,80053,CPT,301,RC,NULL,NULL,facility,outpatient,NULL,NULL,525,341.25,1024_CIGNA,MISC. GOVERNMENT,NULL,NULL,60,NULL,315,percent of total billed charges,157.5,509.25,NULL,Comprehensive Metabolic Blood Test,Cigna,Misc. Government Plans
mayo-clinic-florida,"Metabolic Panel,Comprehensive - Facility",PX-301000171,CDM,80053,CPT,301,RC,NULL,NULL,facility,outpatient,NULL,NULL,525,341.25,1025_AETNA,MISC. GOVERNMENT,NULL,NULL,95,NULL,498.75,percent of total billed charges,157.5,509.25,NULL,Comprehensive Metabolic Blood Test,Aetna,Federal/State Plan
mayo-clinic-florida,"Metabolic Panel,Comprehensive - Facility",PX-301000171,CDM,80053,CPT,301,RC,NULL,NULL,facility,outpatient,NULL,NULL,525,341.25,1085_AETNA,ALL PRODUCTS,NULL,NULL,95,NULL,498.75,percent of total billed charges,157.5,509.25,NULL,Comprehensive Metabolic Blood Test,Aetna,Commercial (PPO/HMO)
mayo-clinic-florida,"71045 X-Ray of Chest, 1 View Facility",PX-324000010,CDM,71045,CPT,324,RC,NULL,NULL,facility,outpatient,NULL,NULL,209,135.85,29_AETNA,ALL PRODUCTS,NULL,NULL,62,NULL,129.58,percent of total billed charges,62.7,327,NULL,Chest X-Ray (1 View),Aetna,Commercial (PPO/HMO)
mayo-clinic-florida,"71045 X-Ray of Chest, 1 View Facility",PX-324000010,CDM,71045,CPT,324,RC,NULL,NULL,facility,outpatient,NULL,NULL,209,135.85,31_CENTRAL STATES,ALL PRODUCTS,NULL,NULL,65,NULL,135.85,percent of total billed charges,62.7,327,NULL,Chest X-Ray (1 View),Central States,Commercial (PPO/HMO)
mayo-clinic-florida,"71045 X-Ray of Chest, 1 View Facility",PX-324000010,CDM,71045,CPT,324,RC,NULL,NULL,facility,outpatient,NULL,NULL,209,135.85,44_CIGNA,ALL PRODUCTS,NULL,NULL,60,NULL,125.4,percent of total billed charges,62.7,327,NULL,Chest X-Ray (1 View),Cigna,Commercial (PPO/HMO)
mayo-clinic-florida,"71045 X-Ray of Chest, 1 View Facility",PX-324000010,CDM,71045,CPT,324,RC,NULL,NULL,facility,outpatient,NULL,NULL,209,135.85,121_BLUE CROSS BLUE SHIELD,ALL PRODUCTS,NULL,327,NULL,NULL,209,case rate,62.7,327,NULL,Chest X-Ray (1 View),Blue Cross Blue Shield,Commercial (PPO/HMO)
mayo-clinic-florida,"71045 X-Ray of Chest, 1 View Facility",PX-324000010,CDM,71045,CPT,324,RC,NULL,NULL,facility,outpatient,NULL,NULL,209,135.85,694_KAISER PERMANENTE TRANSPLANT,ALL PRODUCTS,NULL,NULL,75,NULL,156.75,percent of total billed charges,62.7,327,NULL,Chest X-Ray (1 View),Kaiser Permanente,Commercial (PPO/HMO)
mayo-clinic-florida,"71045 X-Ray of Chest, 1 View Facility",PX-324000010,CDM,71045,CPT,324,RC,NULL,NULL,facility,outpatient,NULL,NULL,209,135.85,699_CENTRAL STATES TRANSPLANT,ALL PRODUCTS,NULL,NULL,90,NULL,188.1,percent of total billed charges,62.7,327,NULL,Chest X-Ray (1 View),Central States,Commercial (PPO/HMO)
mayo-clinic-florida,"71045 X-Ray of Chest, 1 View Facility",PX-324000010,CDM,71045,CPT,324,RC,NULL,NULL,facility,outpatient,NULL,NULL,209,135.85,758_MEDICA,ALL PRODUCTS,NULL,NULL,80,NULL,167.2,percent of total billed charges,62.7,327,NULL,Chest X-Ray (1 View),Medica,Commercial (PPO/HMO)
mayo-clinic-florida,"71045 X-Ray of Chest, 1 View Facility",PX-324000010,CDM,71045,CPT,324,RC,NULL,NULL,facility,outpatient,NULL,NULL,209,135.85,818_HEALTH PLANS INCORPORATED TRANSPLANT,ALL PRODUCTS,NULL,NULL,75,NULL,156.75,percent of total billed charges,62.7,327,NULL,Chest X-Ray (1 View),Health Plans Inc,Commercial (PPO/HMO)
mayo-clinic-florida,"71045 X-Ray of Chest, 1 View Facility",PX-324000010,CDM,71045,CPT,324,RC,NULL,NULL,facility,outpatient,NULL,NULL,209,135.85,839_CIGNA,ALL PRODUCTS,NULL,NULL,75,NULL,156.75,percent of total billed charges,62.7,327,NULL,Chest X-Ray (1 View),Cigna,Commercial (PPO/HMO)
mayo-clinic-florida,"71045 X-Ray of Chest, 1 View Facility",PX-324000010,CDM,71045,CPT,324,RC,NULL,NULL,facility,outpatient,NULL,NULL,209,135.85,1023_BLUE CROSS BLUE SHIELD,MISC. GOVERNMENT,NULL,327,NULL,NULL,209,case rate,62.7,327,NULL,Chest X-Ray (1 View),Blue Cross Blue Shield,Government Plan
mayo-clinic-florida,"71045 X-Ray of Chest, 1 View Facility",PX-324000010,CDM,71045,CPT,324,RC,NULL,NULL,facility,outpatient,NULL,NULL,209,135.85,1024_CIGNA,MISC. GOVERNMENT,NULL,NULL,60,NULL,125.4,percent of total billed charges,62.7,327,NULL,Chest X-Ray (1 View),Cigna,Misc. Government Plans
mayo-clinic-florida,"71045 X-Ray of Chest, 1 View Facility",PX-324000010,CDM,71045,CPT,324,RC,NULL,NULL,facility,outpatient,NULL,NULL,209,135.85,1025_AETNA,MISC. GOVERNMENT,NULL,NULL,95,NULL,198.55,percent of total billed charges,62.7,327,NULL,Chest X-Ray (1 View),Aetna,Federal/State Plan
mayo-clinic-florida,"71045 X-Ray of Chest, 1 View Facility",PX-324000010,CDM,71045,CPT,324,RC,NULL,NULL,facility,outpatient,NULL,NULL,209,135.85,1085_AETNA,ALL PRODUCTS,NULL,NULL,95,NULL,198.55,percent of total billed charges,62.7,327,NULL,Chest X-Ray (1 View),Aetna,Commercial (PPO/HMO)
mayo-clinic-florida,Complete Cbc & Auto Diff Wbc - Facility,PX-305000016,CDM,85025,CPT,305,RC,NULL,NULL,facility,outpatient,NULL,NULL,99,64.35,29_AETNA,ALL PRODUCTS,NULL,NULL,62,NULL,61.38,percent of total billed charges,29.7,96.03,NULL,Complete Blood Count (CBC) with Differential,Aetna,Commercial (PPO/HMO)
mayo-clinic-florida,Complete Cbc & Auto Diff Wbc - Facility,PX-305000016,CDM,85025,CPT,305,RC,NULL,NULL,facility,outpatient,NULL,NULL,99,64.35,31_CENTRAL STATES,ALL PRODUCTS,NULL,NULL,65,NULL,64.35,percent of total billed charges,29.7,96.03,NULL,Complete Blood Count (CBC) with Differential,Central States,Commercial (PPO/HMO)
mayo-clinic-florida,Complete Cbc & Auto Diff Wbc - Facility,PX-305000016,CDM,85025,CPT,305,RC,NULL,NULL,facility,outpatient,NULL,NULL,99,64.35,44_CIGNA,ALL PRODUCTS,NULL,NULL,60,NULL,59.4,percent of total billed charges,29.7,96.03,NULL,Complete Blood Count (CBC) with Differential,Cigna,Commercial (PPO/HMO)
mayo-clinic-florida,Complete Cbc & Auto Diff Wbc - Facility,PX-305000016,CDM,85025,CPT,305,RC,NULL,NULL,facility,outpatient,NULL,NULL,99,64.35,121_BLUE CROSS BLUE SHIELD,ALL PRODUCTS,NULL,NULL,63.9,NULL,63.26,percent of total billed charges,29.7,96.03,NULL,Complete Blood Count (CBC) with Differential,Blue Cross Blue Shield,Commercial (PPO/HMO)
mayo-clinic-florida,Complete Cbc & Auto Diff Wbc - Facility,PX-305000016,CDM,85025,CPT,305,RC,NULL,NULL,facility,outpatient,NULL,NULL,99,64.35,694_KAISER PERMANENTE TRANSPLANT,ALL PRODUCTS,NULL,NULL,75,NULL,74.25,percent of total billed charges,29.7,96.03,NULL,Complete Blood Count (CBC) with Differential,Kaiser Permanente,Commercial (PPO/HMO)
mayo-clinic-florida,Complete Cbc & Auto Diff Wbc - Facility,PX-305000016,CDM,85025,CPT,305,RC,NULL,NULL,facility,outpatient,NULL,NULL,99,64.35,699_CENTRAL STATES TRANSPLANT,ALL PRODUCTS,NULL,NULL,90,NULL,89.1,percent of total billed charges,29.7,96.03,NULL,Complete Blood Count (CBC) with Differential,Central States,Commercial (PPO/HMO)
mayo-clinic-florida,Complete Cbc & Auto Diff Wbc - Facility,PX-305000016,CDM,85025,CPT,305,RC,NULL,NULL,facility,outpatient,NULL,NULL,99,64.35,758_MEDICA,ALL PRODUCTS,NULL,NULL,80,NULL,79.2,percent of total billed charges,29.7,96.03,NULL,Complete Blood Count (CBC) with Differential,Medica,Commercial (PPO/HMO)
mayo-clinic-florida,Complete Cbc & Auto Diff Wbc - Facility,PX-305000016,CDM,85025,CPT,305,RC,NULL,NULL,facility,outpatient,NULL,NULL,99,64.35,818_HEALTH PLANS INCORPORATED TRANSPLANT,ALL PRODUCTS,NULL,NULL,75,NULL,74.25,percent of total billed charges,29.7,96.03,NULL,Complete Blood Count (CBC) with Differential,Health Plans Inc,Commercial (PPO/HMO)
mayo-clinic-florida,Complete Cbc & Auto Diff Wbc - Facility,PX-305000016,CDM,85025,CPT,305,RC,NULL,NULL,facility,outpatient,NULL,NULL,99,64.35,839_CIGNA,ALL PRODUCTS,NULL,NULL,75,NULL,74.25,percent of total billed charges,29.7,96.03,NULL,Complete Blood Count (CBC) with Differential,Cigna,Commercial (PPO/HMO)
mayo-clinic-florida,Complete Cbc & Auto Diff Wbc - Facility,PX-305000016,CDM,85025,CPT,305,RC,NULL,NULL,facility,outpatient,NULL,NULL,99,64.35,1023_BLUE CROSS BLUE SHIELD,MISC. GOVERNMENT,NULL,NULL,64.9,NULL,64.25,percent of total billed charges,29.7,96.03,NULL,Complete Blood Count (CBC) with Differential,Blue Cross Blue Shield,Government Plan
mayo-clinic-florida,Complete Cbc & Auto Diff Wbc - Facility,PX-305000016,CDM,85025,CPT,305,RC,NULL,NULL,facility,outpatient,NULL,NULL,99,64.35,1024_CIGNA,MISC. GOVERNMENT,NULL,NULL,60,NULL,59.4,percent of total billed charges,29.7,96.03,NULL,Complete Blood Count (CBC) with Differential,Cigna,Misc. Government Plans
mayo-clinic-florida,Complete Cbc & Auto Diff Wbc - Facility,PX-305000016,CDM,85025,CPT,305,RC,NULL,NULL,facility,outpatient,NULL,NULL,99,64.35,1025_AETNA,MISC. GOVERNMENT,NULL,NULL,95,NULL,94.05,percent of total billed charges,29.7,96.03,NULL,Complete Blood Count (CBC) with Differential,Aetna,Federal/State Plan
mayo-clinic-florida,Complete Cbc & Auto Diff Wbc - Facility,PX-305000016,CDM,85025,CPT,305,RC,NULL,NULL,facility,outpatient,NULL,NULL,99,64.35,1085_AETNA,ALL PRODUCTS,NULL,NULL,95,NULL,94.05,percent of total billed charges,29.7,96.03,NULL,Complete Blood Count (CBC) with Differential,Aetna,Commercial (PPO/HMO)
mayo-clinic-florida,Lipid Panel - Facility,PX-301000384,CDM,80061,CPT,301,RC,NULL,NULL,facility,outpatient,NULL,NULL,229,148.85,29_AETNA,ALL PRODUCTS,NULL,NULL,62,NULL,141.98,percent of total billed charges,68.7,222.13,NULL,Cholesterol & Lipid Blood Test,Aetna,Commercial (PPO/HMO)
mayo-clinic-florida,Lipid Panel - Facility,PX-301000384,CDM,80061,CPT,301,RC,NULL,NULL,facility,outpatient,NULL,NULL,229,148.85,31_CENTRAL STATES,ALL PRODUCTS,NULL,NULL,65,NULL,148.85,percent of total billed charges,68.7,222.13,NULL,Cholesterol & Lipid Blood Test,Central States,Commercial (PPO/HMO)
mayo-clinic-florida,Lipid Panel - Facility,PX-301000384,CDM,80061,CPT,301,RC,NULL,NULL,facility,outpatient,NULL,NULL,229,148.85,44_CIGNA,ALL PRODUCTS,NULL,NULL,60,NULL,137.4,percent of total billed charges,68.7,222.13,NULL,Cholesterol & Lipid Blood Test,Cigna,Commercial (PPO/HMO)
mayo-clinic-florida,Lipid Panel - Facility,PX-301000384,CDM,80061,CPT,301,RC,NULL,NULL,facility,outpatient,NULL,NULL,229,148.85,121_BLUE CROSS BLUE SHIELD,ALL PRODUCTS,NULL,NULL,63.9,NULL,146.33,percent of total billed charges,68.7,222.13,NULL,Cholesterol & Lipid Blood Test,Blue Cross Blue Shield,Commercial (PPO/HMO)
mayo-clinic-florida,Lipid Panel - Facility,PX-301000384,CDM,80061,CPT,301,RC,NULL,NULL,facility,outpatient,NULL,NULL,229,148.85,694_KAISER PERMANENTE TRANSPLANT,ALL PRODUCTS,NULL,NULL,75,NULL,171.75,percent of total billed charges,68.7,222.13,NULL,Cholesterol & Lipid Blood Test,Kaiser Permanente,Commercial (PPO/HMO)
mayo-clinic-florida,Lipid Panel - Facility,PX-301000384,CDM,80061,CPT,301,RC,NULL,NULL,facility,outpatient,NULL,NULL,229,148.85,699_CENTRAL STATES TRANSPLANT,ALL PRODUCTS,NULL,NULL,90,NULL,206.1,percent of total billed charges,68.7,222.13,NULL,Cholesterol & Lipid Blood Test,Central States,Commercial (PPO/HMO)
mayo-clinic-florida,Lipid Panel - Facility,PX-301000384,CDM,80061,CPT,301,RC,NULL,NULL,facility,outpatient,NULL,NULL,229,148.85,758_MEDICA,ALL PRODUCTS,NULL,NULL,80,NULL,183.2,percent of total billed charges,68.7,222.13,NULL,Cholesterol & Lipid Blood Test,Medica,Commercial (PPO/HMO)
mayo-clinic-florida,Lipid Panel - Facility,PX-301000384,CDM,80061,CPT,301,RC,NULL,NULL,facility,outpatient,NULL,NULL,229,148.85,818_HEALTH PLANS INCORPORATED TRANSPLANT,ALL PRODUCTS,NULL,NULL,75,NULL,171.75,percent of total billed charges,68.7,222.13,NULL,Cholesterol & Lipid Blood Test,Health Plans Inc,Commercial (PPO/HMO)
mayo-clinic-florida,Lipid Panel - Facility,PX-301000384,CDM,80061,CPT,301,RC,NULL,NULL,facility,outpatient,NULL,NULL,229,148.85,839_CIGNA,ALL PRODUCTS,NULL,NULL,75,NULL,171.75,percent of total billed charges,68.7,222.13,NULL,Cholesterol & Lipid Blood Test,Cigna,Commercial (PPO/HMO)
mayo-clinic-florida,Lipid Panel - Facility,PX-301000384,CDM,80061,CPT,301,RC,NULL,NULL,facility,outpatient,NULL,NULL,229,148.85,1023_BLUE CROSS BLUE SHIELD,MISC. GOVERNMENT,NULL,NULL,64.9,NULL,148.62,percent of total billed charges,68.7,222.13,NULL,Cholesterol & Lipid Blood Test,Blue Cross Blue Shield,Government Plan
mayo-clinic-florida,Lipid Panel - Facility,PX-301000384,CDM,80061,CPT,301,RC,NULL,NULL,facility,outpatient,NULL,NULL,229,148.85,1024_CIGNA,MISC. GOVERNMENT,NULL,NULL,60,NULL,137.4,percent of total billed charges,68.7,222.13,NULL,Cholesterol & Lipid Blood Test,Cigna,Misc. Government Plans
mayo-clinic-florida,Lipid Panel - Facility,PX-301000384,CDM,80061,CPT,301,RC,NULL,NULL,facility,outpatient,NULL,NULL,229,148.85,1025_AETNA,MISC. GOVERNMENT,NULL,NULL,95,NULL,217.55,percent of total billed charges,68.7,222.13,NULL,Cholesterol & Lipid Blood Test,Aetna,Federal/State Plan
mayo-clinic-florida,Lipid Panel - Facility,PX-301000384,CDM,80061,CPT,301,RC,NULL,NULL,facility,outpatient,NULL,NULL,229,148.85,1085_AETNA,ALL PRODUCTS,NULL,NULL,95,NULL,217.55,percent of total billed charges,68.7,222.13,NULL,Cholesterol & Lipid Blood Test,Aetna,Commercial (PPO/HMO)
mayo-clinic-florida,36415 Insertion of Needle Into Vein for Collection of Blood Sample Facility,PX-300000370,CDM,36415,CPT,300,RC,NULL,NULL,facility,outpatient,NULL,NULL,40,26,29_AETNA,ALL PRODUCTS,NULL,NULL,62,NULL,24.8,percent of total billed charges,12,38.8,NULL,Blood Sample Collection,Aetna,Commercial (PPO/HMO)
mayo-clinic-florida,36415 Insertion of Needle Into Vein for Collection of Blood Sample Facility,PX-300000370,CDM,36415,CPT,300,RC,NULL,NULL,facility,outpatient,NULL,NULL,40,26,31_CENTRAL STATES,ALL PRODUCTS,NULL,NULL,65,NULL,26,percent of total billed charges,12,38.8,NULL,Blood Sample Collection,Central States,Commercial (PPO/HMO)
mayo-clinic-florida,36415 Insertion of Needle Into Vein for Collection of Blood Sample Facility,PX-300000370,CDM,36415,CPT,300,RC,NULL,NULL,facility,outpatient,NULL,NULL,40,26,44_CIGNA,ALL PRODUCTS,NULL,NULL,60,NULL,24,percent of total billed charges,12,38.8,NULL,Blood Sample Collection,Cigna,Commercial (PPO/HMO)
mayo-clinic-florida,36415 Insertion of Needle Into Vein for Collection of Blood Sample Facility,PX-300000370,CDM,36415,CPT,300,RC,NULL,NULL,facility,outpatient,NULL,NULL,40,26,121_BLUE CROSS BLUE SHIELD,ALL PRODUCTS,NULL,NULL,63.9,NULL,25.56,percent of total billed charges,12,38.8,NULL,Blood Sample Collection,Blue Cross Blue Shield,Commercial (PPO/HMO)
mayo-clinic-florida,36415 Insertion of Needle Into Vein for Collection of Blood Sample Facility,PX-300000370,CDM,36415,CPT,300,RC,NULL,NULL,facility,outpatient,NULL,NULL,40,26,694_KAISER PERMANENTE TRANSPLANT,ALL PRODUCTS,NULL,NULL,75,NULL,30,percent of total billed charges,12,38.8,NULL,Blood Sample Collection,Kaiser Permanente,Commercial (PPO/HMO)
mayo-clinic-florida,36415 Insertion of Needle Into Vein for Collection of Blood Sample Facility,PX-300000370,CDM,36415,CPT,300,RC,NULL,NULL,facility,outpatient,NULL,NULL,40,26,699_CENTRAL STATES TRANSPLANT,ALL PRODUCTS,NULL,NULL,90,NULL,36,percent of total billed charges,12,38.8,NULL,Blood Sample Collection,Central States,Commercial (PPO/HMO)
mayo-clinic-florida,36415 Insertion of Needle Into Vein for Collection of Blood Sample Facility,PX-300000370,CDM,36415,CPT,300,RC,NULL,NULL,facility,outpatient,NULL,NULL,40,26,758_MEDICA,ALL PRODUCTS,NULL,NULL,80,NULL,32,percent of total billed charges,12,38.8,NULL,Blood Sample Collection,Medica,Commercial (PPO/HMO)
mayo-clinic-florida,36415 Insertion of Needle Into Vein for Collection of Blood Sample Facility,PX-300000370,CDM,36415,CPT,300,RC,NULL,NULL,facility,outpatient,NULL,NULL,40,26,818_HEALTH PLANS INCORPORATED TRANSPLANT,ALL PRODUCTS,NULL,NULL,75,NULL,30,percent of total billed charges,12,38.8,NULL,Blood Sample Collection,Health Plans Inc,Commercial (PPO/HMO)
mayo-clinic-florida,36415 Insertion of Needle Into Vein for Collection of Blood Sample Facility,PX-300000370,CDM,36415,CPT,300,RC,NULL,NULL,facility,outpatient,NULL,NULL,40,26,839_CIGNA,ALL PRODUCTS,NULL,NULL,75,NULL,30,percent of total billed charges,12,38.8,NULL,Blood Sample Collection,Cigna,Commercial (PPO/HMO)
mayo-clinic-florida,36415 Insertion of Needle Into Vein for Collection of Blood Sample Facility,PX-300000370,CDM,36415,CPT,300,RC,NULL,NULL,facility,outpatient,NULL,NULL,40,26,1023_BLUE CROSS BLUE SHIELD,MISC. GOVERNMENT,NULL,NULL,64.9,NULL,25.96,percent of total billed charges,12,38.8,NULL,Blood Sample Collection,Blue Cross Blue Shield,Government Plan
mayo-clinic-florida,36415 Insertion of Needle Into Vein for Collection of Blood Sample Facility,PX-300000370,CDM,36415,CPT,300,RC,NULL,NULL,facility,outpatient,NULL,NULL,40,26,1024_CIGNA,MISC. GOVERNMENT,NULL,NULL,60,NULL,24,percent of total billed charges,12,38.8,NULL,Blood Sample Collection,Cigna,Misc. Government Plans
mayo-clinic-florida,36415 Insertion of Needle Into Vein for Collection of Blood Sample Facility,PX-300000370,CDM,36415,CPT,300,RC,NULL,NULL,facility,outpatient,NULL,NULL,40,26,1025_AETNA,MISC. GOVERNMENT,NULL,NULL,95,NULL,38,percent of total billed charges,12,38.8,NULL,Blood Sample Collection,Aetna,Federal/State Plan
mayo-clinic-florida,36415 Insertion of Needle Into Vein for Collection of Blood Sample Facility,PX-300000370,CDM,36415,CPT,300,RC,NULL,NULL,facility,outpatient,NULL,NULL,40,26,1085_AETNA,ALL PRODUCTS,NULL,NULL,95,NULL,38,percent of total billed charges,12,38.8,NULL,Blood Sample Collection,Aetna,Commercial (PPO/HMO)
mayo-clinic-arizona,73718 MRI Scan of Leg Without Contrast Facility,PX-614000019,CDM,73718,CPT,614,RC,NULL,NULL,facility,outpatient,NULL,NULL,1699,1274.25,9_MEDICA,ALL PRODUCTS,NULL,NULL,95,NULL,1614.05,percent of total billed charges,242.83,1699,NULL,"MRI Scan (Leg, No Contrast)",Medica,Commercial (PPO/HMO)
mayo-clinic-arizona,73718 MRI Scan of Leg Without Contrast Facility,PX-614000019,CDM,73718,CPT,614,RC,NULL,NULL,facility,outpatient,NULL,NULL,1699,1274.25,26_AETNA,ALL PRODUCTS,NULL,NULL,75,NULL,1274.25,percent of total billed charges,242.83,1699,NULL,"MRI Scan (Leg, No Contrast)",Aetna,Commercial (PPO/HMO)
mayo-clinic-arizona,73718 MRI Scan of Leg Without Contrast Facility,PX-614000019,CDM,73718,CPT,614,RC,NULL,NULL,facility,outpatient,NULL,NULL,1699,1274.25,39_CIGNA,ALL PRODUCTS,NULL,NULL,69,NULL,1172.31,percent of total billed charges,242.83,1699,NULL,"MRI Scan (Leg, No Contrast)",Cigna,Commercial (PPO/HMO)
mayo-clinic-arizona,73718 MRI Scan of Leg Without Contrast Facility,PX-614000019,CDM,73718,CPT,614,RC,NULL,NULL,facility,outpatient,NULL,NULL,1699,1274.25,53_CENTRAL STATES TRANSPLANT,SPECIALTY,NULL,NULL,75,NULL,1274.25,percent of total billed charges,242.83,1699,NULL,"MRI Scan (Leg, No Contrast)",Central States,Transplant Plans
mayo-clinic-arizona,73718 MRI Scan of Leg Without Contrast Facility,PX-614000019,CDM,73718,CPT,614,RC,NULL,NULL,facility,outpatient,NULL,NULL,1699,1274.25,124_BLUE CROSS BLUE SHIELD,ALL PRODUCTS,NULL,NULL,75,NULL,1274.25,percent of total billed charges,242.83,1699,NULL,"MRI Scan (Leg, No Contrast)",Blue Cross Blue Shield,Commercial (PPO/HMO)
mayo-clinic-arizona,73718 MRI Scan of Leg Without Contrast Facility,PX-614000019,CDM,73718,CPT,614,RC,NULL,NULL,facility,outpatient,NULL,NULL,1699,1274.25,675_AETNA,MEDICARE ADV.,NULL,NULL,NULL,Paid using APC or APG reimbursement logic. Includes reimbursement for any outliers.,242.83,other,242.83,1699,OPPS APC,"MRI Scan (Leg, No Contrast)",Aetna,Medicare Advantage
mayo-clinic-arizona,73718 MRI Scan of Leg Without Contrast Facility,PX-614000019,CDM,73718,CPT,614,RC,NULL,NULL,facility,outpatient,NULL,NULL,1699,1274.25,675_BLUE CROSS BLUE SHIELD,MEDICARE ADV.,NULL,NULL,NULL,Paid using APC or APG reimbursement logic. Includes reimbursement for any outliers.,242.83,other,242.83,1699,OPPS APC,"MRI Scan (Leg, No Contrast)",Blue Cross Blue Shield,Medicare Advantage Plans
mayo-clinic-arizona,73718 MRI Scan of Leg Without Contrast Facility,PX-614000019,CDM,73718,CPT,614,RC,NULL,NULL,facility,outpatient,NULL,NULL,1699,1274.25,675_CIGNA,MEDICARE ADV.,NULL,NULL,NULL,Paid using APC or APG reimbursement logic. Includes reimbursement for any outliers.,242.83,other,242.83,1699,OPPS APC,"MRI Scan (Leg, No Contrast)",Cigna,Medicare Advantage Plans
mayo-clinic-arizona,73718 MRI Scan of Leg Without Contrast Facility,PX-614000019,CDM,73718,CPT,614,RC,NULL,NULL,facility,outpatient,NULL,NULL,1699,1274.25,694_KAISER PERMANENTE TRANSPLANT,SPECIALTY,NULL,NULL,75,NULL,1274.25,percent of total billed charges,242.83,1699,NULL,"MRI Scan (Leg, No Contrast)",Kaiser Permanente,Transplant Plans
mayo-clinic-arizona,73718 MRI Scan of Leg Without Contrast Facility,PX-614000019,CDM,73718,CPT,614,RC,NULL,NULL,facility,outpatient,NULL,NULL,1699,1274.25,706_HEALTHSCOPE BENEFITS,ALL PRODUCTS,NULL,NULL,75,NULL,1274.25,percent of total billed charges,242.83,1699,NULL,"MRI Scan (Leg, No Contrast)",Healthscope Benefits,Commercial (PPO/HMO)
mayo-clinic-arizona,73718 MRI Scan of Leg Without Contrast Facility,PX-614000019,CDM,73718,CPT,614,RC,NULL,NULL,facility,outpatient,NULL,NULL,1699,1274.25,754_MEDICA,ALL PRODUCTS,NULL,NULL,90,NULL,1529.1,percent of total billed charges,242.83,1699,NULL,"MRI Scan (Leg, No Contrast)",Medica,Commercial (PPO/HMO)
mayo-clinic-arizona,73718 MRI Scan of Leg Without Contrast Facility,PX-614000019,CDM,73718,CPT,614,RC,NULL,NULL,facility,outpatient,NULL,NULL,1699,1274.25,836_CENTRAL STATES,ALL PRODUCTS,NULL,NULL,75,NULL,1274.25,percent of total billed charges,242.83,1699,NULL,"MRI Scan (Leg, No Contrast)",Central States,Commercial (PPO/HMO)
mayo-clinic-arizona,73718 MRI Scan of Leg Without Contrast Facility,PX-614000019,CDM,73718,CPT,614,RC,NULL,NULL,facility,outpatient,NULL,NULL,1699,1274.25,838_CIGNA,ALL PRODUCTS,NULL,NULL,75,NULL,1274.25,percent of total billed charges,242.83,1699,NULL,"MRI Scan (Leg, No Contrast)",Cigna,Commercial (PPO/HMO)
mayo-clinic-arizona,73718 MRI Scan of Leg Without Contrast Facility,PX-614000019,CDM,73718,CPT,614,RC,NULL,NULL,facility,outpatient,NULL,NULL,1699,1274.25,875_BLUE CROSS BLUE SHIELD TRANSPLANT,SPECIALTY,NULL,NULL,75,NULL,1274.25,percent of total billed charges,242.83,1699,NULL,"MRI Scan (Leg, No Contrast)",Blue Cross Blue Shield,Transplant Plans
mayo-clinic-arizona,73718 MRI Scan of Leg Without Contrast Facility,PX-614000019,CDM,73718,CPT,614,RC,NULL,NULL,facility,outpatient,NULL,NULL,1699,1274.25,1019_CIGNA,MISC. GOVERNMENT,NULL,NULL,69,NULL,1172.31,percent of total billed charges,242.83,1699,NULL,"MRI Scan (Leg, No Contrast)",Cigna,Misc. Government Plans
mayo-clinic-arizona,73718 MRI Scan of Leg Without Contrast Facility,PX-614000019,CDM,73718,CPT,614,RC,NULL,NULL,facility,outpatient,NULL,NULL,1699,1274.25,1020_BLUE CROSS BLUE SHIELD FEDERAL RETIREE,MISC. GOVERNMENT,NULL,NULL,75,NULL,1274.25,percent of total billed charges,242.83,1699,NULL,"MRI Scan (Leg, No Contrast)",Blue Cross Blue Shield,Government Plan
mayo-clinic-arizona,73718 MRI Scan of Leg Without Contrast Facility,PX-614000019,CDM,73718,CPT,614,RC,NULL,NULL,facility,outpatient,NULL,NULL,1699,1274.25,1021_AETNA GOVERNMENT EMPLOYEES HEALTH ASSOCIATION,ALL PRODUCTS,NULL,NULL,80,NULL,1359.2,percent of total billed charges,242.83,1699,NULL,"MRI Scan (Leg, No Contrast)",Aetna,Commercial (PPO/HMO)
mayo-clinic-arizona,73718 MRI Scan of Leg Without Contrast Facility,PX-614000019,CDM,73718,CPT,614,RC,NULL,NULL,facility,outpatient,NULL,NULL,1699,1274.25,1119_AETNA,ALL PRODUCTS,NULL,NULL,90,NULL,1529.1,percent of total billed charges,242.83,1699,NULL,"MRI Scan (Leg, No Contrast)",Aetna,Commercial (PPO/HMO)
mayo-clinic-arizona,73718 MRI Scan of Leg Without Contrast Facility,PX-614000019,CDM,73718,CPT,614,RC,NULL,NULL,facility,outpatient,NULL,NULL,1699,1274.25,1215_BLUE CROSS BLUE SHIELD EMERGENCY SERVICES,ALL PRODUCTS,NULL,NULL,100,NULL,1699,percent of total billed charges,242.83,1699,NULL,"MRI Scan (Leg, No Contrast)",Blue Cross Blue Shield,Commercial (PPO/HMO)
mayo-clinic-arizona,"71045 X-Ray of Chest, 1 View",PX-71045,CDM,71045,CPT,NULL,NULL,NULL,NULL,professional,outpatient,NULL,NULL,135,101.25,15_AETNA,ALL PRODUCTS,NULL,NULL,95,NULL,128.25,percent of total billed charges,7,135,NULL,Chest X-Ray (1 View),Aetna,Commercial (PPO/HMO)
mayo-clinic-arizona,"71045 X-Ray of Chest, 1 View",PX-71045,CDM,71045,CPT,NULL,NULL,NULL,NULL,professional,outpatient,NULL,NULL,135,101.25,15_BLUE CROSS BLUE SHIELD TRANSPLANT,SPECIALTY,NULL,NULL,95,NULL,128.25,percent of total billed charges,7,135,NULL,Chest X-Ray (1 View),Blue Cross Blue Shield,Transplant Plans
mayo-clinic-arizona,"71045 X-Ray of Chest, 1 View",PX-71045,CDM,71045,CPT,NULL,NULL,NULL,NULL,professional,outpatient,NULL,NULL,135,101.25,15_HEALTH PLANS INCORPORATED,ALL PRODUCTS,NULL,NULL,95,NULL,128.25,percent of total billed charges,7,135,NULL,Chest X-Ray (1 View),Health Plans Inc,Commercial (PPO/HMO)
mayo-clinic-arizona,"71045 X-Ray of Chest, 1 View",PX-71045,CDM,71045,CPT,NULL,NULL,NULL,NULL,professional,outpatient,NULL,NULL,135,101.25,15_HEALTH PLANS INCORPORATED TRANSPLANT,ALL PRODUCTS,NULL,NULL,95,NULL,128.25,percent of total billed charges,7,135,NULL,Chest X-Ray (1 View),Health Plans Inc,Commercial (PPO/HMO)
mayo-clinic-arizona,"71045 X-Ray of Chest, 1 View",PX-71045,CDM,71045,CPT,NULL,NULL,NULL,NULL,professional,outpatient,NULL,NULL,135,101.25,15_HEALTHSCOPE BENEFITS TRANSPLANT,SPECIALTY,NULL,NULL,95,NULL,128.25,percent of total billed charges,7,135,NULL,Chest X-Ray (1 View),Healthscope Benefits,Transplant Plans
mayo-clinic-arizona,"71045 X-Ray of Chest, 1 View",PX-71045,CDM,71045,CPT,NULL,NULL,NULL,NULL,professional,outpatient,NULL,NULL,135,101.25,15_KAISER PERMANENTE TRANSPLANT,SPECIALTY,NULL,NULL,95,NULL,128.25,percent of total billed charges,7,135,NULL,Chest X-Ray (1 View),Kaiser Permanente,Transplant Plans
mayo-clinic-arizona,"71045 X-Ray of Chest, 1 View",PX-71045,CDM,71045,CPT,NULL,NULL,NULL,NULL,professional,outpatient,NULL,NULL,135,101.25,15_MEDICA,ALL PRODUCTS,NULL,NULL,95,NULL,128.25,percent of total billed charges,7,135,NULL,Chest X-Ray (1 View),Medica,Commercial (PPO/HMO)
mayo-clinic-arizona,"71045 X-Ray of Chest, 1 View",PX-71045,CDM,71045,CPT,NULL,NULL,NULL,NULL,professional,outpatient,NULL,NULL,135,101.25,37_CENTRAL STATES,ALL PRODUCTS,NULL,NULL,75,NULL,101.25,percent of total billed charges,7,135,NULL,Chest X-Ray (1 View),Central States,Commercial (PPO/HMO)
mayo-clinic-arizona,"71045 X-Ray of Chest, 1 View",PX-71045,CDM,71045,CPT,NULL,NULL,NULL,NULL,professional,outpatient,NULL,NULL,135,101.25,48_MEDICA,ALL PRODUCTS,NULL,NULL,90,NULL,121.5,percent of total billed charges,7,135,NULL,Chest X-Ray (1 View),Medica,Commercial (PPO/HMO)
mayo-clinic-arizona,"71045 X-Ray of Chest, 1 View",PX-71045,CDM,71045,CPT,NULL,NULL,NULL,NULL,professional,outpatient,NULL,NULL,135,101.25,49_AETNA TRANSPLANT,SPECIALTY,NULL,NULL,75,NULL,101.25,percent of total billed charges,7,135,NULL,Chest X-Ray (1 View),Aetna,Specialty Network
mayo-clinic-arizona,"71045 X-Ray of Chest, 1 View",PX-71045,CDM,71045,CPT,NULL,NULL,NULL,NULL,professional,outpatient,NULL,NULL,135,101.25,162_AETNA SIGNATURE ADMINISTRATIVE NETWORK,ALL PRODUCTS,NULL,NULL,90,NULL,121.5,percent of total billed charges,7,135,NULL,Chest X-Ray (1 View),Aetna,Commercial (PPO/HMO)
mayo-clinic-arizona,"71045 X-Ray of Chest, 1 View",PX-71045,CDM,71045,CPT,NULL,NULL,NULL,NULL,professional,outpatient,NULL,NULL,135,101.25,165_AETNA,ALL PRODUCTS,NULL,NULL,75,NULL,101.25,percent of total billed charges,7,135,NULL,Chest X-Ray (1 View),Aetna,Commercial (PPO/HMO)
mayo-clinic-arizona,"71045 X-Ray of Chest, 1 View",PX-71045,CDM,71045,CPT,NULL,NULL,NULL,NULL,professional,outpatient,NULL,NULL,135,101.25,645_HEALTHSCOPE BENEFITS TRANSPLANT,SPECIALTY,NULL,NULL,95,NULL,128.25,percent of total billed charges,7,135,NULL,Chest X-Ray (1 View),Healthscope Benefits,Transplant Plans
mayo-clinic-arizona,"71045 X-Ray of Chest, 1 View",PX-71045,CDM,71045,CPT,NULL,NULL,NULL,NULL,professional,outpatient,NULL,NULL,135,101.25,701_HEALTHSCOPE BENEFITS TRANSPLANT,SPECIALTY,NULL,NULL,75,NULL,101.25,percent of total billed charges,7,135,NULL,Chest X-Ray (1 View),Healthscope Benefits,Transplant Plans
mayo-clinic-arizona,"71045 X-Ray of Chest, 1 View",PX-71045,CDM,71045,CPT,NULL,NULL,NULL,NULL,professional,outpatient,NULL,NULL,135,101.25,756_MEDICA,ALL PRODUCTS,NULL,NULL,75,NULL,101.25,percent of total billed charges,7,135,NULL,Chest X-Ray (1 View),Medica,Commercial (PPO/HMO)
mayo-clinic-arizona,"71045 X-Ray of Chest, 1 View",PX-71045,CDM,71045,CPT,NULL,NULL,NULL,NULL,professional,outpatient,NULL,NULL,135,101.25,823_HEALTH PLANS INCORPORATED TRANSPLANT,SPECIALTY,NULL,NULL,75,NULL,101.25,percent of total billed charges,7,135,NULL,Chest X-Ray (1 View),Health Plans Inc,Transplant Plans
mayo-clinic-arizona,"71045 X-Ray of Chest, 1 View",PX-71045,CDM,71045,CPT,NULL,NULL,NULL,NULL,professional,outpatient,NULL,NULL,135,101.25,840_CIGNA LIFESOURCE TRANSPLANT,SPECIALTY,NULL,NULL,75,NULL,101.25,percent of total billed charges,7,135,NULL,Chest X-Ray (1 View),Cigna,Transplant Plans
mayo-clinic-arizona,"71045 X-Ray of Chest, 1 View",PX-71045,CDM,71045,CPT,NULL,NULL,NULL,NULL,professional,outpatient,NULL,NULL,135,101.25,876_BLUE CROSS BLUE SHIELD TRANSPLANT,SPECIALTY,NULL,NULL,75,NULL,101.25,percent of total billed charges,7,135,NULL,Chest X-Ray (1 View),Blue Cross Blue Shield,Transplant Plans
mayo-clinic-arizona,"71045 X-Ray of Chest, 1 View",PX-71045,CDM,71045,CPT,NULL,NULL,NULL,NULL,professional,outpatient,NULL,NULL,135,101.25,968_AETNA GOVERNMENT EMPLOYEES HEALTH ASSOCIATION,MEDICARE ADV.,NULL,25.06,NULL,NULL,25.06,fee schedule,7,135,NULL,Chest X-Ray (1 View),Aetna,Medicare Advantage
mayo-clinic-arizona,"71045 X-Ray of Chest, 1 View",PX-71045,CDM,71045,CPT,NULL,NULL,NULL,NULL,professional,outpatient,NULL,NULL,135,101.25,996_AETNA NETWORK,MEDICARE ADV.,NULL,25.06,NULL,NULL,25.06,fee schedule,7,135,NULL,Chest X-Ray (1 View),Aetna,Medicare Advantage
mayo-clinic-arizona,"71045 X-Ray of Chest, 1 View",PX-71045,CDM,71045,CPT,NULL,NULL,NULL,NULL,professional,outpatient,NULL,NULL,135,101.25,1018_BLUE CROSS BLUE SHIELD,ALL PRODUCTS,NULL,NULL,75,NULL,101.25,percent of total billed charges,7,135,NULL,Chest X-Ray (1 View),Blue Cross Blue Shield,Commercial (PPO/HMO)
mayo-clinic-arizona,"71045 X-Ray of Chest, 1 View",PX-71045,CDM,71045,CPT,NULL,NULL,NULL,NULL,professional,outpatient,NULL,NULL,135,101.25,1018_BLUE CROSS BLUE SHIELD AWARE NETWORK,ALL PRODUCTS,NULL,NULL,75,NULL,101.25,percent of total billed charges,7,135,NULL,Chest X-Ray (1 View),Blue Cross Blue Shield,Commercial (PPO/HMO)
mayo-clinic-arizona,"71045 X-Ray of Chest, 1 View",PX-71045,CDM,71045,CPT,NULL,NULL,NULL,NULL,professional,outpatient,NULL,NULL,135,101.25,1018_CENTRAL STATES,ALL PRODUCTS,NULL,NULL,75,NULL,101.25,percent of total billed charges,7,135,NULL,Chest X-Ray (1 View),Central States,Commercial (PPO/HMO)
mayo-clinic-arizona,"71045 X-Ray of Chest, 1 View",PX-71045,CDM,71045,CPT,NULL,NULL,NULL,NULL,professional,outpatient,NULL,NULL,135,101.25,1294_BLUE CROSS BLUE SHIELD,HMO,NULL,NULL,100,NULL,135,percent of total billed charges,7,135,NULL,Chest X-Ray (1 View),Blue Cross Blue Shield,Commercial (PPO/HMO)
mayo-clinic-arizona,"Metabolic Panel,Comprehensive",PX-80053,CDM,80053,CPT,NULL,NULL,NULL,NULL,professional,outpatient,NULL,NULL,375,281.25,15_AETNA,ALL PRODUCTS,NULL,NULL,95,NULL,356.25,percent of total billed charges,10.56,375,NULL,Comprehensive Metabolic Blood Test,Aetna,Commercial (PPO/HMO)
mayo-clinic-arizona,"Metabolic Panel,Comprehensive",PX-80053,CDM,80053,CPT,NULL,NULL,NULL,NULL,professional,outpatient,NULL,NULL,375,281.25,15_BLUE CROSS BLUE SHIELD TRANSPLANT,SPECIALTY,NULL,NULL,95,NULL,356.25,percent of total billed charges,10.56,375,NULL,Comprehensive Metabolic Blood Test,Blue Cross Blue Shield,Transplant Plans
mayo-clinic-arizona,"Metabolic Panel,Comprehensive",PX-80053,CDM,80053,CPT,NULL,NULL,NULL,NULL,professional,outpatient,NULL,NULL,375,281.25,15_HEALTH PLANS INCORPORATED,ALL PRODUCTS,NULL,NULL,95,NULL,356.25,percent of total billed charges,10.56,375,NULL,Comprehensive Metabolic Blood Test,Health Plans Inc,Commercial (PPO/HMO)
mayo-clinic-arizona,"Metabolic Panel,Comprehensive",PX-80053,CDM,80053,CPT,NULL,NULL,NULL,NULL,professional,outpatient,NULL,NULL,375,281.25,15_HEALTH PLANS INCORPORATED TRANSPLANT,ALL PRODUCTS,NULL,NULL,95,NULL,356.25,percent of total billed charges,10.56,375,NULL,Comprehensive Metabolic Blood Test,Health Plans Inc,Commercial (PPO/HMO)
mayo-clinic-arizona,"Metabolic Panel,Comprehensive",PX-80053,CDM,80053,CPT,NULL,NULL,NULL,NULL,professional,outpatient,NULL,NULL,375,281.25,15_HEALTHSCOPE BENEFITS TRANSPLANT,SPECIALTY,NULL,NULL,95,NULL,356.25,percent of total billed charges,10.56,375,NULL,Comprehensive Metabolic Blood Test,Healthscope Benefits,Transplant Plans
mayo-clinic-arizona,"Metabolic Panel,Comprehensive",PX-80053,CDM,80053,CPT,NULL,NULL,NULL,NULL,professional,outpatient,NULL,NULL,375,281.25,15_KAISER PERMANENTE TRANSPLANT,SPECIALTY,NULL,NULL,95,NULL,356.25,percent of total billed charges,10.56,375,NULL,Comprehensive Metabolic Blood Test,Kaiser Permanente,Transplant Plans
mayo-clinic-arizona,"Metabolic Panel,Comprehensive",PX-80053,CDM,80053,CPT,NULL,NULL,NULL,NULL,professional,outpatient,NULL,NULL,375,281.25,15_MEDICA,ALL PRODUCTS,NULL,NULL,95,NULL,356.25,percent of total billed charges,10.56,375,NULL,Comprehensive Metabolic Blood Test,Medica,Commercial (PPO/HMO)
mayo-clinic-arizona,"Metabolic Panel,Comprehensive",PX-80053,CDM,80053,CPT,NULL,NULL,NULL,NULL,professional,outpatient,NULL,NULL,375,281.25,37_CENTRAL STATES,ALL PRODUCTS,NULL,NULL,75,NULL,281.25,percent of total billed charges,10.56,375,NULL,Comprehensive Metabolic Blood Test,Central States,Commercial (PPO/HMO)
mayo-clinic-arizona,"Metabolic Panel,Comprehensive",PX-80053,CDM,80053,CPT,NULL,NULL,NULL,NULL,professional,outpatient,NULL,NULL,375,281.25,48_MEDICA,ALL PRODUCTS,NULL,NULL,90,NULL,337.5,percent of total billed charges,10.56,375,NULL,Comprehensive Metabolic Blood Test,Medica,Commercial (PPO/HMO)
mayo-clinic-arizona,"Metabolic Panel,Comprehensive",PX-80053,CDM,80053,CPT,NULL,NULL,NULL,NULL,professional,outpatient,NULL,NULL,375,281.25,49_AETNA TRANSPLANT,SPECIALTY,NULL,NULL,75,NULL,281.25,percent of total billed charges,10.56,375,NULL,Comprehensive Metabolic Blood Test,Aetna,Specialty Network
mayo-clinic-arizona,"Metabolic Panel,Comprehensive",PX-80053,CDM,80053,CPT,NULL,NULL,NULL,NULL,professional,outpatient,NULL,NULL,375,281.25,162_AETNA SIGNATURE ADMINISTRATIVE NETWORK,ALL PRODUCTS,NULL,NULL,90,NULL,337.5,percent of total billed charges,10.56,375,NULL,Comprehensive Metabolic Blood Test,Aetna,Commercial (PPO/HMO)
mayo-clinic-arizona,"Metabolic Panel,Comprehensive",PX-80053,CDM,80053,CPT,NULL,NULL,NULL,NULL,professional,outpatient,NULL,NULL,375,281.25,165_AETNA,ALL PRODUCTS,NULL,NULL,75,NULL,281.25,percent of total billed charges,10.56,375,NULL,Comprehensive Metabolic Blood Test,Aetna,Commercial (PPO/HMO)
mayo-clinic-arizona,"Metabolic Panel,Comprehensive",PX-80053,CDM,80053,CPT,NULL,NULL,NULL,NULL,professional,outpatient,NULL,NULL,375,281.25,645_HEALTHSCOPE BENEFITS TRANSPLANT,SPECIALTY,NULL,NULL,95,NULL,356.25,percent of total billed charges,10.56,375,NULL,Comprehensive Metabolic Blood Test,Healthscope Benefits,Transplant Plans
mayo-clinic-arizona,"Metabolic Panel,Comprehensive",PX-80053,CDM,80053,CPT,NULL,NULL,NULL,NULL,professional,outpatient,NULL,NULL,375,281.25,701_HEALTHSCOPE BENEFITS TRANSPLANT,SPECIALTY,NULL,NULL,75,NULL,281.25,percent of total billed charges,10.56,375,NULL,Comprehensive Metabolic Blood Test,Healthscope Benefits,Transplant Plans
mayo-clinic-arizona,"Metabolic Panel,Comprehensive",PX-80053,CDM,80053,CPT,NULL,NULL,NULL,NULL,professional,outpatient,NULL,NULL,375,281.25,756_MEDICA,ALL PRODUCTS,NULL,NULL,75,NULL,281.25,percent of total billed charges,10.56,375,NULL,Comprehensive Metabolic Blood Test,Medica,Commercial (PPO/HMO)
mayo-clinic-arizona,"Metabolic Panel,Comprehensive",PX-80053,CDM,80053,CPT,NULL,NULL,NULL,NULL,professional,outpatient,NULL,NULL,375,281.25,823_HEALTH PLANS INCORPORATED TRANSPLANT,SPECIALTY,NULL,NULL,75,NULL,281.25,percent of total billed charges,10.56,375,NULL,Comprehensive Metabolic Blood Test,Health Plans Inc,Transplant Plans
mayo-clinic-arizona,"Metabolic Panel,Comprehensive",PX-80053,CDM,80053,CPT,NULL,NULL,NULL,NULL,professional,outpatient,NULL,NULL,375,281.25,840_CIGNA LIFESOURCE TRANSPLANT,SPECIALTY,NULL,NULL,75,NULL,281.25,percent of total billed charges,10.56,375,NULL,Comprehensive Metabolic Blood Test,Cigna,Transplant Plans
mayo-clinic-arizona,"Metabolic Panel,Comprehensive",PX-80053,CDM,80053,CPT,NULL,NULL,NULL,NULL,professional,outpatient,NULL,NULL,375,281.25,876_BLUE CROSS BLUE SHIELD TRANSPLANT,SPECIALTY,NULL,NULL,75,NULL,281.25,percent of total billed charges,10.56,375,NULL,Comprehensive Metabolic Blood Test,Blue Cross Blue Shield,Transplant Plans
mayo-clinic-arizona,"Metabolic Panel,Comprehensive",PX-80053,CDM,80053,CPT,NULL,NULL,NULL,NULL,professional,outpatient,NULL,NULL,375,281.25,968_AETNA GOVERNMENT EMPLOYEES HEALTH ASSOCIATION,MEDICARE ADV.,NULL,NULL,80,NULL,300,percent of total billed charges,10.56,375,NULL,Comprehensive Metabolic Blood Test,Aetna,Medicare Advantage
mayo-clinic-arizona,"Metabolic Panel,Comprehensive",PX-80053,CDM,80053,CPT,NULL,NULL,NULL,NULL,professional,outpatient,NULL,NULL,375,281.25,996_AETNA NETWORK,MEDICARE ADV.,NULL,NULL,75,NULL,281.25,percent of total billed charges,10.56,375,NULL,Comprehensive Metabolic Blood Test,Aetna,Medicare Advantage
mayo-clinic-arizona,"Metabolic Panel,Comprehensive",PX-80053,CDM,80053,CPT,NULL,NULL,NULL,NULL,professional,outpatient,NULL,NULL,375,281.25,1018_BLUE CROSS BLUE SHIELD,ALL PRODUCTS,NULL,NULL,75,NULL,281.25,percent of total billed charges,10.56,375,NULL,Comprehensive Metabolic Blood Test,Blue Cross Blue Shield,Commercial (PPO/HMO)
mayo-clinic-arizona,"Metabolic Panel,Comprehensive",PX-80053,CDM,80053,CPT,NULL,NULL,NULL,NULL,professional,outpatient,NULL,NULL,375,281.25,1018_BLUE CROSS BLUE SHIELD AWARE NETWORK,ALL PRODUCTS,NULL,NULL,75,NULL,281.25,percent of total billed charges,10.56,375,NULL,Comprehensive Metabolic Blood Test,Blue Cross Blue Shield,Commercial (PPO/HMO)
mayo-clinic-arizona,"Metabolic Panel,Comprehensive",PX-80053,CDM,80053,CPT,NULL,NULL,NULL,NULL,professional,outpatient,NULL,NULL,375,281.25,1018_CENTRAL STATES,ALL PRODUCTS,NULL,NULL,75,NULL,281.25,percent of total billed charges,10.56,375,NULL,Comprehensive Metabolic Blood Test,Central States,Commercial (PPO/HMO)
mayo-clinic-arizona,"Metabolic Panel,Comprehensive",PX-80053,CDM,80053,CPT,NULL,NULL,NULL,NULL,professional,outpatient,NULL,NULL,375,281.25,1294_BLUE CROSS BLUE SHIELD,HMO,NULL,NULL,100,NULL,375,percent of total billed charges,10.56,375,NULL,Comprehensive Metabolic Blood Test,Blue Cross Blue Shield,Commercial (PPO/HMO)
mayo-clinic-arizona,Lipid Panel,PX-80061,CDM,80061,CPT,NULL,NULL,NULL,NULL,professional,outpatient,NULL,NULL,100,75,15_AETNA,ALL PRODUCTS,NULL,NULL,95,NULL,95,percent of total billed charges,7,100,NULL,Cholesterol & Lipid Blood Test,Aetna,Commercial (PPO/HMO)
mayo-clinic-arizona,Lipid Panel,PX-80061,CDM,80061,CPT,NULL,NULL,NULL,NULL,professional,outpatient,NULL,NULL,100,75,15_BLUE CROSS BLUE SHIELD TRANSPLANT,SPECIALTY,NULL,NULL,95,NULL,95,percent of total billed charges,7,100,NULL,Cholesterol & Lipid Blood Test,Blue Cross Blue Shield,Transplant Plans
mayo-clinic-arizona,Lipid Panel,PX-80061,CDM,80061,CPT,NULL,NULL,NULL,NULL,professional,outpatient,NULL,NULL,100,75,15_HEALTH PLANS INCORPORATED,ALL PRODUCTS,NULL,NULL,95,NULL,95,percent of total billed charges,7,100,NULL,Cholesterol & Lipid Blood Test,Health Plans Inc,Commercial (PPO/HMO)
mayo-clinic-arizona,Lipid Panel,PX-80061,CDM,80061,CPT,NULL,NULL,NULL,NULL,professional,outpatient,NULL,NULL,100,75,15_HEALTH PLANS INCORPORATED TRANSPLANT,ALL PRODUCTS,NULL,NULL,95,NULL,95,percent of total billed charges,7,100,NULL,Cholesterol & Lipid Blood Test,Health Plans Inc,Commercial (PPO/HMO)
mayo-clinic-arizona,Lipid Panel,PX-80061,CDM,80061,CPT,NULL,NULL,NULL,NULL,professional,outpatient,NULL,NULL,100,75,15_HEALTHSCOPE BENEFITS TRANSPLANT,SPECIALTY,NULL,NULL,95,NULL,95,percent of total billed charges,7,100,NULL,Cholesterol & Lipid Blood Test,Healthscope Benefits,Transplant Plans
mayo-clinic-arizona,Lipid Panel,PX-80061,CDM,80061,CPT,NULL,NULL,NULL,NULL,professional,outpatient,NULL,NULL,100,75,15_KAISER PERMANENTE TRANSPLANT,SPECIALTY,NULL,NULL,95,NULL,95,percent of total billed charges,7,100,NULL,Cholesterol & Lipid Blood Test,Kaiser Permanente,Transplant Plans
mayo-clinic-arizona,Lipid Panel,PX-80061,CDM,80061,CPT,NULL,NULL,NULL,NULL,professional,outpatient,NULL,NULL,100,75,15_MEDICA,ALL PRODUCTS,NULL,NULL,95,NULL,95,percent of total billed charges,7,100,NULL,Cholesterol & Lipid Blood Test,Medica,Commercial (PPO/HMO)
mayo-clinic-arizona,Lipid Panel,PX-80061,CDM,80061,CPT,NULL,NULL,NULL,NULL,professional,outpatient,NULL,NULL,100,75,37_CENTRAL STATES,ALL PRODUCTS,NULL,NULL,75,NULL,75,percent of total billed charges,7,100,NULL,Cholesterol & Lipid Blood Test,Central States,Commercial (PPO/HMO)
mayo-clinic-arizona,Lipid Panel,PX-80061,CDM,80061,CPT,NULL,NULL,NULL,NULL,professional,outpatient,NULL,NULL,100,75,48_MEDICA,ALL PRODUCTS,NULL,NULL,90,NULL,90,percent of total billed charges,7,100,NULL,Cholesterol & Lipid Blood Test,Medica,Commercial (PPO/HMO)
mayo-clinic-arizona,Lipid Panel,PX-80061,CDM,80061,CPT,NULL,NULL,NULL,NULL,professional,outpatient,NULL,NULL,100,75,49_AETNA TRANSPLANT,SPECIALTY,NULL,NULL,75,NULL,75,percent of total billed charges,7,100,NULL,Cholesterol & Lipid Blood Test,Aetna,Specialty Network
mayo-clinic-arizona,Lipid Panel,PX-80061,CDM,80061,CPT,NULL,NULL,NULL,NULL,professional,outpatient,NULL,NULL,100,75,162_AETNA SIGNATURE ADMINISTRATIVE NETWORK,ALL PRODUCTS,NULL,NULL,90,NULL,90,percent of total billed charges,7,100,NULL,Cholesterol & Lipid Blood Test,Aetna,Commercial (PPO/HMO)
mayo-clinic-arizona,Lipid Panel,PX-80061,CDM,80061,CPT,NULL,NULL,NULL,NULL,professional,outpatient,NULL,NULL,100,75,165_AETNA,ALL PRODUCTS,NULL,NULL,75,NULL,75,percent of total billed charges,7,100,NULL,Cholesterol & Lipid Blood Test,Aetna,Commercial (PPO/HMO)
mayo-clinic-arizona,Lipid Panel,PX-80061,CDM,80061,CPT,NULL,NULL,NULL,NULL,professional,outpatient,NULL,NULL,100,75,645_HEALTHSCOPE BENEFITS TRANSPLANT,SPECIALTY,NULL,NULL,95,NULL,95,percent of total billed charges,7,100,NULL,Cholesterol & Lipid Blood Test,Healthscope Benefits,Transplant Plans
mayo-clinic-arizona,Lipid Panel,PX-80061,CDM,80061,CPT,NULL,NULL,NULL,NULL,professional,outpatient,NULL,NULL,100,75,701_HEALTHSCOPE BENEFITS TRANSPLANT,SPECIALTY,NULL,NULL,75,NULL,75,percent of total billed charges,7,100,NULL,Cholesterol & Lipid Blood Test,Healthscope Benefits,Transplant Plans
mayo-clinic-arizona,Lipid Panel,PX-80061,CDM,80061,CPT,NULL,NULL,NULL,NULL,professional,outpatient,NULL,NULL,100,75,756_MEDICA,ALL PRODUCTS,NULL,NULL,75,NULL,75,percent of total billed charges,7,100,NULL,Cholesterol & Lipid Blood Test,Medica,Commercial (PPO/HMO)
mayo-clinic-arizona,Lipid Panel,PX-80061,CDM,80061,CPT,NULL,NULL,NULL,NULL,professional,outpatient,NULL,NULL,100,75,823_HEALTH PLANS INCORPORATED TRANSPLANT,SPECIALTY,NULL,NULL,75,NULL,75,percent of total billed charges,7,100,NULL,Cholesterol & Lipid Blood Test,Health Plans Inc,Transplant Plans
mayo-clinic-arizona,Lipid Panel,PX-80061,CDM,80061,CPT,NULL,NULL,NULL,NULL,professional,outpatient,NULL,NULL,100,75,840_CIGNA LIFESOURCE TRANSPLANT,SPECIALTY,NULL,NULL,75,NULL,75,percent of total billed charges,7,100,NULL,Cholesterol & Lipid Blood Test,Cigna,Transplant Plans
mayo-clinic-arizona,Lipid Panel,PX-80061,CDM,80061,CPT,NULL,NULL,NULL,NULL,professional,outpatient,NULL,NULL,100,75,876_BLUE CROSS BLUE SHIELD TRANSPLANT,SPECIALTY,NULL,NULL,75,NULL,75,percent of total billed charges,7,100,NULL,Cholesterol & Lipid Blood Test,Blue Cross Blue Shield,Transplant Plans
mayo-clinic-arizona,Lipid Panel,PX-80061,CDM,80061,CPT,NULL,NULL,NULL,NULL,professional,outpatient,NULL,NULL,100,75,968_AETNA GOVERNMENT EMPLOYEES HEALTH ASSOCIATION,MEDICARE ADV.,NULL,NULL,80,NULL,80,percent of total billed charges,7,100,NULL,Cholesterol & Lipid Blood Test,Aetna,Medicare Advantage
mayo-clinic-arizona,Lipid Panel,PX-80061,CDM,80061,CPT,NULL,NULL,NULL,NULL,professional,outpatient,NULL,NULL,100,75,996_AETNA NETWORK,MEDICARE ADV.,NULL,NULL,75,NULL,75,percent of total billed charges,7,100,NULL,Cholesterol & Lipid Blood Test,Aetna,Medicare Advantage
mayo-clinic-arizona,Lipid Panel,PX-80061,CDM,80061,CPT,NULL,NULL,NULL,NULL,professional,outpatient,NULL,NULL,100,75,1018_BLUE CROSS BLUE SHIELD,ALL PRODUCTS,NULL,NULL,75,NULL,75,percent of total billed charges,7,100,NULL,Cholesterol & Lipid Blood Test,Blue Cross Blue Shield,Commercial (PPO/HMO)
mayo-clinic-arizona,Lipid Panel,PX-80061,CDM,80061,CPT,NULL,NULL,NULL,NULL,professional,outpatient,NULL,NULL,100,75,1018_BLUE CROSS BLUE SHIELD AWARE NETWORK,ALL PRODUCTS,NULL,NULL,75,NULL,75,percent of total billed charges,7,100,NULL,Cholesterol & Lipid Blood Test,Blue Cross Blue Shield,Commercial (PPO/HMO)
mayo-clinic-arizona,Lipid Panel,PX-80061,CDM,80061,CPT,NULL,NULL,NULL,NULL,professional,outpatient,NULL,NULL,100,75,1018_CENTRAL STATES,ALL PRODUCTS,NULL,NULL,75,NULL,75,percent of total billed charges,7,100,NULL,Cholesterol & Lipid Blood Test,Central States,Commercial (PPO/HMO)
mayo-clinic-arizona,Lipid Panel,PX-80061,CDM,80061,CPT,NULL,NULL,NULL,NULL,professional,outpatient,NULL,NULL,100,75,1294_BLUE CROSS BLUE SHIELD,HMO,NULL,NULL,100,NULL,100,percent of total billed charges,7,100,NULL,Cholesterol & Lipid Blood Test,Blue Cross Blue Shield,Commercial (PPO/HMO)
mayo-clinic-arizona,"Metabolic Panel,Comprehensive - Facility",PX-301000171,CDM,80053,CPT,301,RC,NULL,NULL,facility,outpatient,NULL,NULL,375,281.25,9_MEDICA,ALL PRODUCTS,NULL,NULL,95,NULL,356.25,percent of total billed charges,10.56,375,NULL,Comprehensive Metabolic Blood Test,Medica,Commercial (PPO/HMO)
mayo-clinic-arizona,"Metabolic Panel,Comprehensive - Facility",PX-301000171,CDM,80053,CPT,301,RC,NULL,NULL,facility,outpatient,NULL,NULL,375,281.25,26_AETNA,ALL PRODUCTS,NULL,NULL,75,NULL,281.25,percent of total billed charges,10.56,375,NULL,Comprehensive Metabolic Blood Test,Aetna,Commercial (PPO/HMO)
mayo-clinic-arizona,"Metabolic Panel,Comprehensive - Facility",PX-301000171,CDM,80053,CPT,301,RC,NULL,NULL,facility,outpatient,NULL,NULL,375,281.25,39_CIGNA,ALL PRODUCTS,NULL,NULL,69,NULL,258.75,percent of total billed charges,10.56,375,NULL,Comprehensive Metabolic Blood Test,Cigna,Commercial (PPO/HMO)
mayo-clinic-arizona,"Metabolic Panel,Comprehensive - Facility",PX-301000171,CDM,80053,CPT,301,RC,NULL,NULL,facility,outpatient,NULL,NULL,375,281.25,53_CENTRAL STATES TRANSPLANT,SPECIALTY,NULL,NULL,75,NULL,281.25,percent of total billed charges,10.56,375,NULL,Comprehensive Metabolic Blood Test,Central States,Transplant Plans
mayo-clinic-arizona,"Metabolic Panel,Comprehensive - Facility",PX-301000171,CDM,80053,CPT,301,RC,NULL,NULL,facility,outpatient,NULL,NULL,375,281.25,124_BLUE CROSS BLUE SHIELD,ALL PRODUCTS,NULL,NULL,75,NULL,281.25,percent of total billed charges,10.56,375,NULL,Comprehensive Metabolic Blood Test,Blue Cross Blue Shield,Commercial (PPO/HMO)
mayo-clinic-arizona,"Metabolic Panel,Comprehensive - Facility",PX-301000171,CDM,80053,CPT,301,RC,NULL,NULL,facility,outpatient,NULL,NULL,375,281.25,675_AETNA,MEDICARE ADV.,NULL,10.56,NULL,NULL,10.56,fee schedule,10.56,375,NULL,Comprehensive Metabolic Blood Test,Aetna,Medicare Advantage
mayo-clinic-arizona,"Metabolic Panel,Comprehensive - Facility",PX-301000171,CDM,80053,CPT,301,RC,NULL,NULL,facility,outpatient,NULL,NULL,375,281.25,675_BLUE CROSS BLUE SHIELD,MEDICARE ADV.,NULL,10.56,NULL,NULL,10.56,fee schedule,10.56,375,NULL,Comprehensive Metabolic Blood Test,Blue Cross Blue Shield,Medicare Advantage Plans
mayo-clinic-arizona,"Metabolic Panel,Comprehensive - Facility",PX-301000171,CDM,80053,CPT,301,RC,NULL,NULL,facility,outpatient,NULL,NULL,375,281.25,675_CIGNA,MEDICARE ADV.,NULL,10.56,NULL,NULL,10.56,fee schedule,10.56,375,NULL,Comprehensive Metabolic Blood Test,Cigna,Medicare Advantage Plans
mayo-clinic-arizona,"Metabolic Panel,Comprehensive - Facility",PX-301000171,CDM,80053,CPT,301,RC,NULL,NULL,facility,outpatient,NULL,NULL,375,281.25,694_KAISER PERMANENTE TRANSPLANT,SPECIALTY,NULL,NULL,75,NULL,281.25,percent of total billed charges,10.56,375,NULL,Comprehensive Metabolic Blood Test,Kaiser Permanente,Transplant Plans
mayo-clinic-arizona,"Metabolic Panel,Comprehensive - Facility",PX-301000171,CDM,80053,CPT,301,RC,NULL,NULL,facility,outpatient,NULL,NULL,375,281.25,706_HEALTHSCOPE BENEFITS,ALL PRODUCTS,NULL,NULL,75,NULL,281.25,percent of total billed charges,10.56,375,NULL,Comprehensive Metabolic Blood Test,Healthscope Benefits,Commercial (PPO/HMO)
mayo-clinic-arizona,"Metabolic Panel,Comprehensive - Facility",PX-301000171,CDM,80053,CPT,301,RC,NULL,NULL,facility,outpatient,NULL,NULL,375,281.25,754_MEDICA,ALL PRODUCTS,NULL,NULL,90,NULL,337.5,percent of total billed charges,10.56,375,NULL,Comprehensive Metabolic Blood Test,Medica,Commercial (PPO/HMO)
mayo-clinic-arizona,"Metabolic Panel,Comprehensive - Facility",PX-301000171,CDM,80053,CPT,301,RC,NULL,NULL,facility,outpatient,NULL,NULL,375,281.25,836_CENTRAL STATES,ALL PRODUCTS,NULL,NULL,75,NULL,281.25,percent of total billed charges,10.56,375,NULL,Comprehensive Metabolic Blood Test,Central States,Commercial (PPO/HMO)
mayo-clinic-arizona,"Metabolic Panel,Comprehensive - Facility",PX-301000171,CDM,80053,CPT,301,RC,NULL,NULL,facility,outpatient,NULL,NULL,375,281.25,838_CIGNA,ALL PRODUCTS,NULL,NULL,75,NULL,281.25,percent of total billed charges,10.56,375,NULL,Comprehensive Metabolic Blood Test,Cigna,Commercial (PPO/HMO)
mayo-clinic-arizona,"Metabolic Panel,Comprehensive - Facility",PX-301000171,CDM,80053,CPT,301,RC,NULL,NULL,facility,outpatient,NULL,NULL,375,281.25,875_BLUE CROSS BLUE SHIELD TRANSPLANT,SPECIALTY,NULL,NULL,75,NULL,281.25,percent of total billed charges,10.56,375,NULL,Comprehensive Metabolic Blood Test,Blue Cross Blue Shield,Transplant Plans
mayo-clinic-arizona,"Metabolic Panel,Comprehensive - Facility",PX-301000171,CDM,80053,CPT,301,RC,NULL,NULL,facility,outpatient,NULL,NULL,375,281.25,1019_CIGNA,MISC. GOVERNMENT,NULL,NULL,69,NULL,258.75,percent of total billed charges,10.56,375,NULL,Comprehensive Metabolic Blood Test,Cigna,Misc. Government Plans
mayo-clinic-arizona,"Metabolic Panel,Comprehensive - Facility",PX-301000171,CDM,80053,CPT,301,RC,NULL,NULL,facility,outpatient,NULL,NULL,375,281.25,1020_BLUE CROSS BLUE SHIELD FEDERAL RETIREE,MISC. GOVERNMENT,NULL,NULL,75,NULL,281.25,percent of total billed charges,10.56,375,NULL,Comprehensive Metabolic Blood Test,Blue Cross Blue Shield,Government Plan
mayo-clinic-arizona,"Metabolic Panel,Comprehensive - Facility",PX-301000171,CDM,80053,CPT,301,RC,NULL,NULL,facility,outpatient,NULL,NULL,375,281.25,1021_AETNA GOVERNMENT EMPLOYEES HEALTH ASSOCIATION,ALL PRODUCTS,NULL,NULL,80,NULL,300,percent of total billed charges,10.56,375,NULL,Comprehensive Metabolic Blood Test,Aetna,Commercial (PPO/HMO)
mayo-clinic-arizona,"Metabolic Panel,Comprehensive - Facility",PX-301000171,CDM,80053,CPT,301,RC,NULL,NULL,facility,outpatient,NULL,NULL,375,281.25,1119_AETNA,ALL PRODUCTS,NULL,NULL,90,NULL,337.5,percent of total billed charges,10.56,375,NULL,Comprehensive Metabolic Blood Test,Aetna,Commercial (PPO/HMO)
mayo-clinic-arizona,"Metabolic Panel,Comprehensive - Facility",PX-301000171,CDM,80053,CPT,301,RC,NULL,NULL,facility,outpatient,NULL,NULL,375,281.25,1215_BLUE CROSS BLUE SHIELD EMERGENCY SERVICES,ALL PRODUCTS,NULL,NULL,100,NULL,375,percent of total billed charges,10.56,375,NULL,Comprehensive Metabolic Blood Test,Blue Cross Blue Shield,Commercial (PPO/HMO)
mayo-clinic-arizona,Complete Cbc & Auto Diff Wbc,PX-85025,CDM,85025,CPT,NULL,NULL,NULL,NULL,professional,outpatient,NULL,NULL,36,27,15_AETNA,ALL PRODUCTS,NULL,NULL,95,NULL,34.2,percent of total billed charges,2.52,36,NULL,Complete Blood Count (CBC) with Differential,Aetna,Commercial (PPO/HMO)
mayo-clinic-arizona,Complete Cbc & Auto Diff Wbc,PX-85025,CDM,85025,CPT,NULL,NULL,NULL,NULL,professional,outpatient,NULL,NULL,36,27,15_BLUE CROSS BLUE SHIELD TRANSPLANT,SPECIALTY,NULL,NULL,95,NULL,34.2,percent of total billed charges,2.52,36,NULL,Complete Blood Count (CBC) with Differential,Blue Cross Blue Shield,Transplant Plans
mayo-clinic-arizona,Complete Cbc & Auto Diff Wbc,PX-85025,CDM,85025,CPT,NULL,NULL,NULL,NULL,professional,outpatient,NULL,NULL,36,27,15_HEALTH PLANS INCORPORATED,ALL PRODUCTS,NULL,NULL,95,NULL,34.2,percent of total billed charges,2.52,36,NULL,Complete Blood Count (CBC) with Differential,Health Plans Inc,Commercial (PPO/HMO)
mayo-clinic-arizona,Complete Cbc & Auto Diff Wbc,PX-85025,CDM,85025,CPT,NULL,NULL,NULL,NULL,professional,outpatient,NULL,NULL,36,27,15_HEALTH PLANS INCORPORATED TRANSPLANT,ALL PRODUCTS,NULL,NULL,95,NULL,34.2,percent of total billed charges,2.52,36,NULL,Complete Blood Count (CBC) with Differential,Health Plans Inc,Commercial (PPO/HMO)
mayo-clinic-arizona,Complete Cbc & Auto Diff Wbc,PX-85025,CDM,85025,CPT,NULL,NULL,NULL,NULL,professional,outpatient,NULL,NULL,36,27,15_HEALTHSCOPE BENEFITS TRANSPLANT,SPECIALTY,NULL,NULL,95,NULL,34.2,percent of total billed charges,2.52,36,NULL,Complete Blood Count (CBC) with Differential,Healthscope Benefits,Transplant Plans
mayo-clinic-arizona,Complete Cbc & Auto Diff Wbc,PX-85025,CDM,85025,CPT,NULL,NULL,NULL,NULL,professional,outpatient,NULL,NULL,36,27,15_KAISER PERMANENTE TRANSPLANT,SPECIALTY,NULL,NULL,95,NULL,34.2,percent of total billed charges,2.52,36,NULL,Complete Blood Count (CBC) with Differential,Kaiser Permanente,Transplant Plans
mayo-clinic-arizona,Complete Cbc & Auto Diff Wbc,PX-85025,CDM,85025,CPT,NULL,NULL,NULL,NULL,professional,outpatient,NULL,NULL,36,27,15_MEDICA,ALL PRODUCTS,NULL,NULL,95,NULL,34.2,percent of total billed charges,2.52,36,NULL,Complete Blood Count (CBC) with Differential,Medica,Commercial (PPO/HMO)
mayo-clinic-arizona,Complete Cbc & Auto Diff Wbc,PX-85025,CDM,85025,CPT,NULL,NULL,NULL,NULL,professional,outpatient,NULL,NULL,36,27,37_CENTRAL STATES,ALL PRODUCTS,NULL,NULL,75,NULL,27,percent of total billed charges,2.52,36,NULL,Complete Blood Count (CBC) with Differential,Central States,Commercial (PPO/HMO)
mayo-clinic-arizona,Complete Cbc & Auto Diff Wbc,PX-85025,CDM,85025,CPT,NULL,NULL,NULL,NULL,professional,outpatient,NULL,NULL,36,27,48_MEDICA,ALL PRODUCTS,NULL,NULL,90,NULL,32.4,percent of total billed charges,2.52,36,NULL,Complete Blood Count (CBC) with Differential,Medica,Commercial (PPO/HMO)
mayo-clinic-arizona,Complete Cbc & Auto Diff Wbc,PX-85025,CDM,85025,CPT,NULL,NULL,NULL,NULL,professional,outpatient,NULL,NULL,36,27,49_AETNA TRANSPLANT,SPECIALTY,NULL,NULL,75,NULL,27,percent of total billed charges,2.52,36,NULL,Complete Blood Count (CBC) with Differential,Aetna,Specialty Network
mayo-clinic-arizona,Complete Cbc & Auto Diff Wbc,PX-85025,CDM,85025,CPT,NULL,NULL,NULL,NULL,professional,outpatient,NULL,NULL,36,27,162_AETNA SIGNATURE ADMINISTRATIVE NETWORK,ALL PRODUCTS,NULL,NULL,90,NULL,32.4,percent of total billed charges,2.52,36,NULL,Complete Blood Count (CBC) with Differential,Aetna,Commercial (PPO/HMO)
mayo-clinic-arizona,Complete Cbc & Auto Diff Wbc,PX-85025,CDM,85025,CPT,NULL,NULL,NULL,NULL,professional,outpatient,NULL,NULL,36,27,165_AETNA,ALL PRODUCTS,NULL,NULL,75,NULL,27,percent of total billed charges,2.52,36,NULL,Complete Blood Count (CBC) with Differential,Aetna,Commercial (PPO/HMO)
mayo-clinic-arizona,Complete Cbc & Auto Diff Wbc,PX-85025,CDM,85025,CPT,NULL,NULL,NULL,NULL,professional,outpatient,NULL,NULL,36,27,645_HEALTHSCOPE BENEFITS TRANSPLANT,SPECIALTY,NULL,NULL,95,NULL,34.2,percent of total billed charges,2.52,36,NULL,Complete Blood Count (CBC) with Differential,Healthscope Benefits,Transplant Plans
mayo-clinic-arizona,Complete Cbc & Auto Diff Wbc,PX-85025,CDM,85025,CPT,NULL,NULL,NULL,NULL,professional,outpatient,NULL,NULL,36,27,701_HEALTHSCOPE BENEFITS TRANSPLANT,SPECIALTY,NULL,NULL,75,NULL,27,percent of total billed charges,2.52,36,NULL,Complete Blood Count (CBC) with Differential,Healthscope Benefits,Transplant Plans
mayo-clinic-arizona,Complete Cbc & Auto Diff Wbc,PX-85025,CDM,85025,CPT,NULL,NULL,NULL,NULL,professional,outpatient,NULL,NULL,36,27,756_MEDICA,ALL PRODUCTS,NULL,NULL,75,NULL,27,percent of total billed charges,2.52,36,NULL,Complete Blood Count (CBC) with Differential,Medica,Commercial (PPO/HMO)
mayo-clinic-arizona,Complete Cbc & Auto Diff Wbc,PX-85025,CDM,85025,CPT,NULL,NULL,NULL,NULL,professional,outpatient,NULL,NULL,36,27,823_HEALTH PLANS INCORPORATED TRANSPLANT,SPECIALTY,NULL,NULL,75,NULL,27,percent of total billed charges,2.52,36,NULL,Complete Blood Count (CBC) with Differential,Health Plans Inc,Transplant Plans
mayo-clinic-arizona,Complete Cbc & Auto Diff Wbc,PX-85025,CDM,85025,CPT,NULL,NULL,NULL,NULL,professional,outpatient,NULL,NULL,36,27,840_CIGNA LIFESOURCE TRANSPLANT,SPECIALTY,NULL,NULL,75,NULL,27,percent of total billed charges,2.52,36,NULL,Complete Blood Count (CBC) with Differential,Cigna,Transplant Plans
mayo-clinic-arizona,Complete Cbc & Auto Diff Wbc,PX-85025,CDM,85025,CPT,NULL,NULL,NULL,NULL,professional,outpatient,NULL,NULL,36,27,876_BLUE CROSS BLUE SHIELD TRANSPLANT,SPECIALTY,NULL,NULL,75,NULL,27,percent of total billed charges,2.52,36,NULL,Complete Blood Count (CBC) with Differential,Blue Cross Blue Shield,Transplant Plans
mayo-clinic-arizona,Complete Cbc & Auto Diff Wbc,PX-85025,CDM,85025,CPT,NULL,NULL,NULL,NULL,professional,outpatient,NULL,NULL,36,27,968_AETNA GOVERNMENT EMPLOYEES HEALTH ASSOCIATION,MEDICARE ADV.,NULL,NULL,80,NULL,28.8,percent of total billed charges,2.52,36,NULL,Complete Blood Count (CBC) with Differential,Aetna,Medicare Advantage
mayo-clinic-arizona,Complete Cbc & Auto Diff Wbc,PX-85025,CDM,85025,CPT,NULL,NULL,NULL,NULL,professional,outpatient,NULL,NULL,36,27,996_AETNA NETWORK,MEDICARE ADV.,NULL,NULL,75,NULL,27,percent of total billed charges,2.52,36,NULL,Complete Blood Count (CBC) with Differential,Aetna,Medicare Advantage
mayo-clinic-arizona,Complete Cbc & Auto Diff Wbc,PX-85025,CDM,85025,CPT,NULL,NULL,NULL,NULL,professional,outpatient,NULL,NULL,36,27,1018_BLUE CROSS BLUE SHIELD,ALL PRODUCTS,NULL,NULL,75,NULL,27,percent of total billed charges,2.52,36,NULL,Complete Blood Count (CBC) with Differential,Blue Cross Blue Shield,Commercial (PPO/HMO)
mayo-clinic-arizona,Complete Cbc & Auto Diff Wbc,PX-85025,CDM,85025,CPT,NULL,NULL,NULL,NULL,professional,outpatient,NULL,NULL,36,27,1018_BLUE CROSS BLUE SHIELD AWARE NETWORK,ALL PRODUCTS,NULL,NULL,75,NULL,27,percent of total billed charges,2.52,36,NULL,Complete Blood Count (CBC) with Differential,Blue Cross Blue Shield,Commercial (PPO/HMO)
mayo-clinic-arizona,Complete Cbc & Auto Diff Wbc,PX-85025,CDM,85025,CPT,NULL,NULL,NULL,NULL,professional,outpatient,NULL,NULL,36,27,1018_CENTRAL STATES,ALL PRODUCTS,NULL,NULL,75,NULL,27,percent of total billed charges,2.52,36,NULL,Complete Blood Count (CBC) with Differential,Central States,Commercial (PPO/HMO)
mayo-clinic-arizona,Complete Cbc & Auto Diff Wbc,PX-85025,CDM,85025,CPT,NULL,NULL,NULL,NULL,professional,outpatient,NULL,NULL,36,27,1294_BLUE CROSS BLUE SHIELD,HMO,NULL,NULL,100,NULL,36,percent of total billed charges,2.52,36,NULL,Complete Blood Count (CBC) with Differential,Blue Cross Blue Shield,Commercial (PPO/HMO)
mayo-clinic-arizona,"71045 X-Ray of Chest, 1 View Facility",PX-324000010,CDM,71045,CPT,324,RC,NULL,NULL,facility,outpatient,NULL,NULL,145,108.75,9_MEDICA,ALL PRODUCTS,NULL,NULL,95,NULL,137.75,percent of total billed charges,90.05,145,NULL,Chest X-Ray (1 View),Medica,Commercial (PPO/HMO)
mayo-clinic-arizona,"71045 X-Ray of Chest, 1 View Facility",PX-324000010,CDM,71045,CPT,324,RC,NULL,NULL,facility,outpatient,NULL,NULL,145,108.75,26_AETNA,ALL PRODUCTS,NULL,NULL,75,NULL,108.75,percent of total billed charges,90.05,145,NULL,Chest X-Ray (1 View),Aetna,Commercial (PPO/HMO)
mayo-clinic-arizona,"71045 X-Ray of Chest, 1 View Facility",PX-324000010,CDM,71045,CPT,324,RC,NULL,NULL,facility,outpatient,NULL,NULL,145,108.75,39_CIGNA,ALL PRODUCTS,NULL,NULL,69,NULL,100.05,percent of total billed charges,90.05,145,NULL,Chest X-Ray (1 View),Cigna,Commercial (PPO/HMO)
mayo-clinic-arizona,"71045 X-Ray of Chest, 1 View Facility",PX-324000010,CDM,71045,CPT,324,RC,NULL,NULL,facility,outpatient,NULL,NULL,145,108.75,53_CENTRAL STATES TRANSPLANT,SPECIALTY,NULL,NULL,75,NULL,108.75,percent of total billed charges,90.05,145,NULL,Chest X-Ray (1 View),Central States,Transplant Plans
mayo-clinic-arizona,"71045 X-Ray of Chest, 1 View Facility",PX-324000010,CDM,71045,CPT,324,RC,NULL,NULL,facility,outpatient,NULL,NULL,145,108.75,124_BLUE CROSS BLUE SHIELD,ALL PRODUCTS,NULL,NULL,75,NULL,108.75,percent of total billed charges,90.05,145,NULL,Chest X-Ray (1 View),Blue Cross Blue Shield,Commercial (PPO/HMO)
mayo-clinic-arizona,"71045 X-Ray of Chest, 1 View Facility",PX-324000010,CDM,71045,CPT,324,RC,NULL,NULL,facility,outpatient,NULL,NULL,145,108.75,675_AETNA,MEDICARE ADV.,NULL,NULL,NULL,Paid using APC or APG reimbursement logic. Includes reimbursement for any outliers.,90.05,other,90.05,145,OPPS APC,Chest X-Ray (1 View),Aetna,Medicare Advantage
mayo-clinic-arizona,"71045 X-Ray of Chest, 1 View Facility",PX-324000010,CDM,71045,CPT,324,RC,NULL,NULL,facility,outpatient,NULL,NULL,145,108.75,675_BLUE CROSS BLUE SHIELD,MEDICARE ADV.,NULL,NULL,NULL,Paid using APC or APG reimbursement logic. Includes reimbursement for any outliers.,90.05,other,90.05,145,OPPS APC,Chest X-Ray (1 View),Blue Cross Blue Shield,Medicare Advantage Plans
mayo-clinic-arizona,"71045 X-Ray of Chest, 1 View Facility",PX-324000010,CDM,71045,CPT,324,RC,NULL,NULL,facility,outpatient,NULL,NULL,145,108.75,675_CIGNA,MEDICARE ADV.,NULL,NULL,NULL,Paid using APC or APG reimbursement logic. Includes reimbursement for any outliers.,90.05,other,90.05,145,OPPS APC,Chest X-Ray (1 View),Cigna,Medicare Advantage Plans
mayo-clinic-arizona,"71045 X-Ray of Chest, 1 View Facility",PX-324000010,CDM,71045,CPT,324,RC,NULL,NULL,facility,outpatient,NULL,NULL,145,108.75,694_KAISER PERMANENTE TRANSPLANT,SPECIALTY,NULL,NULL,75,NULL,108.75,percent of total billed charges,90.05,145,NULL,Chest X-Ray (1 View),Kaiser Permanente,Transplant Plans
mayo-clinic-arizona,"71045 X-Ray of Chest, 1 View Facility",PX-324000010,CDM,71045,CPT,324,RC,NULL,NULL,facility,outpatient,NULL,NULL,145,108.75,706_HEALTHSCOPE BENEFITS,ALL PRODUCTS,NULL,NULL,75,NULL,108.75,percent of total billed charges,90.05,145,NULL,Chest X-Ray (1 View),Healthscope Benefits,Commercial (PPO/HMO)
mayo-clinic-arizona,"71045 X-Ray of Chest, 1 View Facility",PX-324000010,CDM,71045,CPT,324,RC,NULL,NULL,facility,outpatient,NULL,NULL,145,108.75,754_MEDICA,ALL PRODUCTS,NULL,NULL,90,NULL,130.5,percent of total billed charges,90.05,145,NULL,Chest X-Ray (1 View),Medica,Commercial (PPO/HMO)
mayo-clinic-arizona,"71045 X-Ray of Chest, 1 View Facility",PX-324000010,CDM,71045,CPT,324,RC,NULL,NULL,facility,outpatient,NULL,NULL,145,108.75,836_CENTRAL STATES,ALL PRODUCTS,NULL,NULL,75,NULL,108.75,percent of total billed charges,90.05,145,NULL,Chest X-Ray (1 View),Central States,Commercial (PPO/HMO)
mayo-clinic-arizona,"71045 X-Ray of Chest, 1 View Facility",PX-324000010,CDM,71045,CPT,324,RC,NULL,NULL,facility,outpatient,NULL,NULL,145,108.75,838_CIGNA,ALL PRODUCTS,NULL,NULL,75,NULL,108.75,percent of total billed charges,90.05,145,NULL,Chest X-Ray (1 View),Cigna,Commercial (PPO/HMO)
mayo-clinic-arizona,"71045 X-Ray of Chest, 1 View Facility",PX-324000010,CDM,71045,CPT,324,RC,NULL,NULL,facility,outpatient,NULL,NULL,145,108.75,875_BLUE CROSS BLUE SHIELD TRANSPLANT,SPECIALTY,NULL,NULL,75,NULL,108.75,percent of total billed charges,90.05,145,NULL,Chest X-Ray (1 View),Blue Cross Blue Shield,Transplant Plans
mayo-clinic-arizona,"71045 X-Ray of Chest, 1 View Facility",PX-324000010,CDM,71045,CPT,324,RC,NULL,NULL,facility,outpatient,NULL,NULL,145,108.75,1019_CIGNA,MISC. GOVERNMENT,NULL,NULL,69,NULL,100.05,percent of total billed charges,90.05,145,NULL,Chest X-Ray (1 View),Cigna,Misc. Government Plans
mayo-clinic-arizona,"71045 X-Ray of Chest, 1 View Facility",PX-324000010,CDM,71045,CPT,324,RC,NULL,NULL,facility,outpatient,NULL,NULL,145,108.75,1020_BLUE CROSS BLUE SHIELD FEDERAL RETIREE,MISC. GOVERNMENT,NULL,NULL,75,NULL,108.75,percent of total billed charges,90.05,145,NULL,Chest X-Ray (1 View),Blue Cross Blue Shield,Government Plan
mayo-clinic-arizona,"71045 X-Ray of Chest, 1 View Facility",PX-324000010,CDM,71045,CPT,324,RC,NULL,NULL,facility,outpatient,NULL,NULL,145,108.75,1021_AETNA GOVERNMENT EMPLOYEES HEALTH ASSOCIATION,ALL PRODUCTS,NULL,NULL,80,NULL,116,percent of total billed charges,90.05,145,NULL,Chest X-Ray (1 View),Aetna,Commercial (PPO/HMO)
mayo-clinic-arizona,"71045 X-Ray of Chest, 1 View Facility",PX-324000010,CDM,71045,CPT,324,RC,NULL,NULL,facility,outpatient,NULL,NULL,145,108.75,1119_AETNA,ALL PRODUCTS,NULL,NULL,90,NULL,130.5,percent of total billed charges,90.05,145,NULL,Chest X-Ray (1 View),Aetna,Commercial (PPO/HMO)
mayo-clinic-arizona,"71045 X-Ray of Chest, 1 View Facility",PX-324000010,CDM,71045,CPT,324,RC,NULL,NULL,facility,outpatient,NULL,NULL,145,108.75,1215_BLUE CROSS BLUE SHIELD EMERGENCY SERVICES,ALL PRODUCTS,NULL,NULL,100,NULL,145,percent of total billed charges,90.05,145,NULL,Chest X-Ray (1 View),Blue Cross Blue Shield,Commercial (PPO/HMO)
mayo-clinic-arizona,93000 Routine Electrocardiogram (Ecg) Using at Least 12 Leads With Interpretation and Report,PX-93000,CDM,93000,CPT,NULL,NULL,NULL,NULL,professional,outpatient,NULL,NULL,100,75,15_AETNA,ALL PRODUCTS,NULL,NULL,95,NULL,95,percent of total billed charges,7,100,NULL,ECG (Heart Test) with Report,Aetna,Commercial (PPO/HMO)
mayo-clinic-arizona,93000 Routine Electrocardiogram (Ecg) Using at Least 12 Leads With Interpretation and Report,PX-93000,CDM,93000,CPT,NULL,NULL,NULL,NULL,professional,outpatient,NULL,NULL,100,75,15_BLUE CROSS BLUE SHIELD TRANSPLANT,SPECIALTY,NULL,NULL,95,NULL,95,percent of total billed charges,7,100,NULL,ECG (Heart Test) with Report,Blue Cross Blue Shield,Transplant Plans
mayo-clinic-arizona,93000 Routine Electrocardiogram (Ecg) Using at Least 12 Leads With Interpretation and Report,PX-93000,CDM,93000,CPT,NULL,NULL,NULL,NULL,professional,outpatient,NULL,NULL,100,75,15_HEALTH PLANS INCORPORATED,ALL PRODUCTS,NULL,NULL,95,NULL,95,percent of total billed charges,7,100,NULL,ECG (Heart Test) with Report,Health Plans Inc,Commercial (PPO/HMO)
mayo-clinic-arizona,93000 Routine Electrocardiogram (Ecg) Using at Least 12 Leads With Interpretation and Report,PX-93000,CDM,93000,CPT,NULL,NULL,NULL,NULL,professional,outpatient,NULL,NULL,100,75,15_HEALTH PLANS INCORPORATED TRANSPLANT,ALL PRODUCTS,NULL,NULL,95,NULL,95,percent of total billed charges,7,100,NULL,ECG (Heart Test) with Report,Health Plans Inc,Commercial (PPO/HMO)
mayo-clinic-arizona,93000 Routine Electrocardiogram (Ecg) Using at Least 12 Leads With Interpretation and Report,PX-93000,CDM,93000,CPT,NULL,NULL,NULL,NULL,professional,outpatient,NULL,NULL,100,75,15_HEALTHSCOPE BENEFITS TRANSPLANT,SPECIALTY,NULL,NULL,95,NULL,95,percent of total billed charges,7,100,NULL,ECG (Heart Test) with Report,Healthscope Benefits,Transplant Plans
mayo-clinic-arizona,93000 Routine Electrocardiogram (Ecg) Using at Least 12 Leads With Interpretation and Report,PX-93000,CDM,93000,CPT,NULL,NULL,NULL,NULL,professional,outpatient,NULL,NULL,100,75,15_KAISER PERMANENTE TRANSPLANT,SPECIALTY,NULL,NULL,95,NULL,95,percent of total billed charges,7,100,NULL,ECG (Heart Test) with Report,Kaiser Permanente,Transplant Plans
mayo-clinic-arizona,93000 Routine Electrocardiogram (Ecg) Using at Least 12 Leads With Interpretation and Report,PX-93000,CDM,93000,CPT,NULL,NULL,NULL,NULL,professional,outpatient,NULL,NULL,100,75,15_MEDICA,ALL PRODUCTS,NULL,NULL,95,NULL,95,percent of total billed charges,7,100,NULL,ECG (Heart Test) with Report,Medica,Commercial (PPO/HMO)
mayo-clinic-arizona,93000 Routine Electrocardiogram (Ecg) Using at Least 12 Leads With Interpretation and Report,PX-93000,CDM,93000,CPT,NULL,NULL,NULL,NULL,professional,outpatient,NULL,NULL,100,75,37_CENTRAL STATES,ALL PRODUCTS,NULL,NULL,75,NULL,75,percent of total billed charges,7,100,NULL,ECG (Heart Test) with Report,Central States,Commercial (PPO/HMO)
mayo-clinic-arizona,93000 Routine Electrocardiogram (Ecg) Using at Least 12 Leads With Interpretation and Report,PX-93000,CDM,93000,CPT,NULL,NULL,NULL,NULL,professional,outpatient,NULL,NULL,100,75,48_MEDICA,ALL PRODUCTS,NULL,NULL,90,NULL,90,percent of total billed charges,7,100,NULL,ECG (Heart Test) with Report,Medica,Commercial (PPO/HMO)
mayo-clinic-arizona,93000 Routine Electrocardiogram (Ecg) Using at Least 12 Leads With Interpretation and Report,PX-93000,CDM,93000,CPT,NULL,NULL,NULL,NULL,professional,outpatient,NULL,NULL,100,75,49_AETNA TRANSPLANT,SPECIALTY,NULL,NULL,75,NULL,75,percent of total billed charges,7,100,NULL,ECG (Heart Test) with Report,Aetna,Specialty Network
mayo-clinic-arizona,93000 Routine Electrocardiogram (Ecg) Using at Least 12 Leads With Interpretation and Report,PX-93000,CDM,93000,CPT,NULL,NULL,NULL,NULL,professional,outpatient,NULL,NULL,100,75,162_AETNA SIGNATURE ADMINISTRATIVE NETWORK,ALL PRODUCTS,NULL,NULL,90,NULL,90,percent of total billed charges,7,100,NULL,ECG (Heart Test) with Report,Aetna,Commercial (PPO/HMO)
mayo-clinic-arizona,93000 Routine Electrocardiogram (Ecg) Using at Least 12 Leads With Interpretation and Report,PX-93000,CDM,93000,CPT,NULL,NULL,NULL,NULL,professional,outpatient,NULL,NULL,100,75,165_AETNA,ALL PRODUCTS,NULL,NULL,75,NULL,75,percent of total billed charges,7,100,NULL,ECG (Heart Test) with Report,Aetna,Commercial (PPO/HMO)
mayo-clinic-arizona,93000 Routine Electrocardiogram (Ecg) Using at Least 12 Leads With Interpretation and Report,PX-93000,CDM,93000,CPT,NULL,NULL,NULL,NULL,professional,outpatient,NULL,NULL,100,75,645_HEALTHSCOPE BENEFITS TRANSPLANT,SPECIALTY,NULL,NULL,95,NULL,95,percent of total billed charges,7,100,NULL,ECG (Heart Test) with Report,Healthscope Benefits,Transplant Plans
mayo-clinic-arizona,93000 Routine Electrocardiogram (Ecg) Using at Least 12 Leads With Interpretation and Report,PX-93000,CDM,93000,CPT,NULL,NULL,NULL,NULL,professional,outpatient,NULL,NULL,100,75,701_HEALTHSCOPE BENEFITS TRANSPLANT,SPECIALTY,NULL,NULL,75,NULL,75,percent of total billed charges,7,100,NULL,ECG (Heart Test) with Report,Healthscope Benefits,Transplant Plans
mayo-clinic-arizona,93000 Routine Electrocardiogram (Ecg) Using at Least 12 Leads With Interpretation and Report,PX-93000,CDM,93000,CPT,NULL,NULL,NULL,NULL,professional,outpatient,NULL,NULL,100,75,756_MEDICA,ALL PRODUCTS,NULL,NULL,75,NULL,75,percent of total billed charges,7,100,NULL,ECG (Heart Test) with Report,Medica,Commercial (PPO/HMO)
mayo-clinic-arizona,93000 Routine Electrocardiogram (Ecg) Using at Least 12 Leads With Interpretation and Report,PX-93000,CDM,93000,CPT,NULL,NULL,NULL,NULL,professional,outpatient,NULL,NULL,100,75,823_HEALTH PLANS INCORPORATED TRANSPLANT,SPECIALTY,NULL,NULL,75,NULL,75,percent of total billed charges,7,100,NULL,ECG (Heart Test) with Report,Health Plans Inc,Transplant Plans
mayo-clinic-arizona,93000 Routine Electrocardiogram (Ecg) Using at Least 12 Leads With Interpretation and Report,PX-93000,CDM,93000,CPT,NULL,NULL,NULL,NULL,professional,outpatient,NULL,NULL,100,75,840_CIGNA LIFESOURCE TRANSPLANT,SPECIALTY,NULL,NULL,75,NULL,75,percent of total billed charges,7,100,NULL,ECG (Heart Test) with Report,Cigna,Transplant Plans
mayo-clinic-arizona,93000 Routine Electrocardiogram (Ecg) Using at Least 12 Leads With Interpretation and Report,PX-93000,CDM,93000,CPT,NULL,NULL,NULL,NULL,professional,outpatient,NULL,NULL,100,75,876_BLUE CROSS BLUE SHIELD TRANSPLANT,SPECIALTY,NULL,NULL,75,NULL,75,percent of total billed charges,7,100,NULL,ECG (Heart Test) with Report,Blue Cross Blue Shield,Transplant Plans
mayo-clinic-arizona,93000 Routine Electrocardiogram (Ecg) Using at Least 12 Leads With Interpretation and Report,PX-93000,CDM,93000,CPT,NULL,NULL,NULL,NULL,professional,outpatient,NULL,NULL,100,75,968_AETNA GOVERNMENT EMPLOYEES HEALTH ASSOCIATION,MEDICARE ADV.,NULL,14.02,NULL,NULL,14.02,fee schedule,7,100,NULL,ECG (Heart Test) with Report,Aetna,Medicare Advantage
mayo-clinic-arizona,93000 Routine Electrocardiogram (Ecg) Using at Least 12 Leads With Interpretation and Report,PX-93000,CDM,93000,CPT,NULL,NULL,NULL,NULL,professional,outpatient,NULL,NULL,100,75,996_AETNA NETWORK,MEDICARE ADV.,NULL,14.02,NULL,NULL,14.02,fee schedule,7,100,NULL,ECG (Heart Test) with Report,Aetna,Medicare Advantage
mayo-clinic-arizona,93000 Routine Electrocardiogram (Ecg) Using at Least 12 Leads With Interpretation and Report,PX-93000,CDM,93000,CPT,NULL,NULL,NULL,NULL,professional,outpatient,NULL,NULL,100,75,1018_BLUE CROSS BLUE SHIELD,ALL PRODUCTS,NULL,NULL,75,NULL,75,percent of total billed charges,7,100,NULL,ECG (Heart Test) with Report,Blue Cross Blue Shield,Commercial (PPO/HMO)
mayo-clinic-arizona,93000 Routine Electrocardiogram (Ecg) Using at Least 12 Leads With Interpretation and Report,PX-93000,CDM,93000,CPT,NULL,NULL,NULL,NULL,professional,outpatient,NULL,NULL,100,75,1018_BLUE CROSS BLUE SHIELD AWARE NETWORK,ALL PRODUCTS,NULL,NULL,75,NULL,75,percent of total billed charges,7,100,NULL,ECG (Heart Test) with Report,Blue Cross Blue Shield,Commercial (PPO/HMO)
mayo-clinic-arizona,93000 Routine Electrocardiogram (Ecg) Using at Least 12 Leads With Interpretation and Report,PX-93000,CDM,93000,CPT,NULL,NULL,NULL,NULL,professional,outpatient,NULL,NULL,100,75,1018_CENTRAL STATES,ALL PRODUCTS,NULL,NULL,75,NULL,75,percent of total billed charges,7,100,NULL,ECG (Heart Test) with Report,Central States,Commercial (PPO/HMO)
mayo-clinic-arizona,93000 Routine Electrocardiogram (Ecg) Using at Least 12 Leads With Interpretation and Report,PX-93000,CDM,93000,CPT,NULL,NULL,NULL,NULL,professional,outpatient,NULL,NULL,100,75,1294_BLUE CROSS BLUE SHIELD,HMO,NULL,NULL,100,NULL,100,percent of total billed charges,7,100,NULL,ECG (Heart Test) with Report,Blue Cross Blue Shield,Commercial (PPO/HMO)
mayo-clinic-arizona,Complete Cbc & Auto Diff Wbc - Facility,PX-305000016,CDM,85025,CPT,305,RC,NULL,NULL,facility,outpatient,NULL,NULL,36,27,9_MEDICA,ALL PRODUCTS,NULL,NULL,95,NULL,34.2,percent of total billed charges,7.77,36,NULL,Complete Blood Count (CBC) with Differential,Medica,Commercial (PPO/HMO)
mayo-clinic-arizona,Complete Cbc & Auto Diff Wbc - Facility,PX-305000016,CDM,85025,CPT,305,RC,NULL,NULL,facility,outpatient,NULL,NULL,36,27,26_AETNA,ALL PRODUCTS,NULL,NULL,75,NULL,27,percent of total billed charges,7.77,36,NULL,Complete Blood Count (CBC) with Differential,Aetna,Commercial (PPO/HMO)
mayo-clinic-arizona,Complete Cbc & Auto Diff Wbc - Facility,PX-305000016,CDM,85025,CPT,305,RC,NULL,NULL,facility,outpatient,NULL,NULL,36,27,39_CIGNA,ALL PRODUCTS,NULL,NULL,69,NULL,24.84,percent of total billed charges,7.77,36,NULL,Complete Blood Count (CBC) with Differential,Cigna,Commercial (PPO/HMO)
mayo-clinic-arizona,Complete Cbc & Auto Diff Wbc - Facility,PX-305000016,CDM,85025,CPT,305,RC,NULL,NULL,facility,outpatient,NULL,NULL,36,27,53_CENTRAL STATES TRANSPLANT,SPECIALTY,NULL,NULL,75,NULL,27,percent of total billed charges,7.77,36,NULL,Complete Blood Count (CBC) with Differential,Central States,Transplant Plans
mayo-clinic-arizona,Complete Cbc & Auto Diff Wbc - Facility,PX-305000016,CDM,85025,CPT,305,RC,NULL,NULL,facility,outpatient,NULL,NULL,36,27,124_BLUE CROSS BLUE SHIELD,ALL PRODUCTS,NULL,NULL,75,NULL,27,percent of total billed charges,7.77,36,NULL,Complete Blood Count (CBC) with Differential,Blue Cross Blue Shield,Commercial (PPO/HMO)
mayo-clinic-arizona,Complete Cbc & Auto Diff Wbc - Facility,PX-305000016,CDM,85025,CPT,305,RC,NULL,NULL,facility,outpatient,NULL,NULL,36,27,675_AETNA,MEDICARE ADV.,NULL,7.77,NULL,NULL,7.77,fee schedule,7.77,36,NULL,Complete Blood Count (CBC) with Differential,Aetna,Medicare Advantage
mayo-clinic-arizona,Complete Cbc & Auto Diff Wbc - Facility,PX-305000016,CDM,85025,CPT,305,RC,NULL,NULL,facility,outpatient,NULL,NULL,36,27,675_BLUE CROSS BLUE SHIELD,MEDICARE ADV.,NULL,7.77,NULL,NULL,7.77,fee schedule,7.77,36,NULL,Complete Blood Count (CBC) with Differential,Blue Cross Blue Shield,Medicare Advantage Plans
mayo-clinic-arizona,Complete Cbc & Auto Diff Wbc - Facility,PX-305000016,CDM,85025,CPT,305,RC,NULL,NULL,facility,outpatient,NULL,NULL,36,27,675_CIGNA,MEDICARE ADV.,NULL,7.77,NULL,NULL,7.77,fee schedule,7.77,36,NULL,Complete Blood Count (CBC) with Differential,Cigna,Medicare Advantage Plans
mayo-clinic-arizona,Complete Cbc & Auto Diff Wbc - Facility,PX-305000016,CDM,85025,CPT,305,RC,NULL,NULL,facility,outpatient,NULL,NULL,36,27,694_KAISER PERMANENTE TRANSPLANT,SPECIALTY,NULL,NULL,75,NULL,27,percent of total billed charges,7.77,36,NULL,Complete Blood Count (CBC) with Differential,Kaiser Permanente,Transplant Plans
mayo-clinic-arizona,Complete Cbc & Auto Diff Wbc - Facility,PX-305000016,CDM,85025,CPT,305,RC,NULL,NULL,facility,outpatient,NULL,NULL,36,27,706_HEALTHSCOPE BENEFITS,ALL PRODUCTS,NULL,NULL,75,NULL,27,percent of total billed charges,7.77,36,NULL,Complete Blood Count (CBC) with Differential,Healthscope Benefits,Commercial (PPO/HMO)
mayo-clinic-arizona,Complete Cbc & Auto Diff Wbc - Facility,PX-305000016,CDM,85025,CPT,305,RC,NULL,NULL,facility,outpatient,NULL,NULL,36,27,754_MEDICA,ALL PRODUCTS,NULL,NULL,90,NULL,32.4,percent of total billed charges,7.77,36,NULL,Complete Blood Count (CBC) with Differential,Medica,Commercial (PPO/HMO)
mayo-clinic-arizona,Complete Cbc & Auto Diff Wbc - Facility,PX-305000016,CDM,85025,CPT,305,RC,NULL,NULL,facility,outpatient,NULL,NULL,36,27,836_CENTRAL STATES,ALL PRODUCTS,NULL,NULL,75,NULL,27,percent of total billed charges,7.77,36,NULL,Complete Blood Count (CBC) with Differential,Central States,Commercial (PPO/HMO)
mayo-clinic-arizona,Complete Cbc & Auto Diff Wbc - Facility,PX-305000016,CDM,85025,CPT,305,RC,NULL,NULL,facility,outpatient,NULL,NULL,36,27,838_CIGNA,ALL PRODUCTS,NULL,NULL,75,NULL,27,percent of total billed charges,7.77,36,NULL,Complete Blood Count (CBC) with Differential,Cigna,Commercial (PPO/HMO)
mayo-clinic-arizona,Complete Cbc & Auto Diff Wbc - Facility,PX-305000016,CDM,85025,CPT,305,RC,NULL,NULL,facility,outpatient,NULL,NULL,36,27,875_BLUE CROSS BLUE SHIELD TRANSPLANT,SPECIALTY,NULL,NULL,75,NULL,27,percent of total billed charges,7.77,36,NULL,Complete Blood Count (CBC) with Differential,Blue Cross Blue Shield,Transplant Plans
mayo-clinic-arizona,Complete Cbc & Auto Diff Wbc - Facility,PX-305000016,CDM,85025,CPT,305,RC,NULL,NULL,facility,outpatient,NULL,NULL,36,27,1019_CIGNA,MISC. GOVERNMENT,NULL,NULL,69,NULL,24.84,percent of total billed charges,7.77,36,NULL,Complete Blood Count (CBC) with Differential,Cigna,Misc. Government Plans
mayo-clinic-arizona,Complete Cbc & Auto Diff Wbc - Facility,PX-305000016,CDM,85025,CPT,305,RC,NULL,NULL,facility,outpatient,NULL,NULL,36,27,1020_BLUE CROSS BLUE SHIELD FEDERAL RETIREE,MISC. GOVERNMENT,NULL,NULL,75,NULL,27,percent of total billed charges,7.77,36,NULL,Complete Blood Count (CBC) with Differential,Blue Cross Blue Shield,Government Plan
mayo-clinic-arizona,Complete Cbc & Auto Diff Wbc - Facility,PX-305000016,CDM,85025,CPT,305,RC,NULL,NULL,facility,outpatient,NULL,NULL,36,27,1021_AETNA GOVERNMENT EMPLOYEES HEALTH ASSOCIATION,ALL PRODUCTS,NULL,NULL,80,NULL,28.8,percent of total billed charges,7.77,36,NULL,Complete Blood Count (CBC) with Differential,Aetna,Commercial (PPO/HMO)
mayo-clinic-arizona,Complete Cbc & Auto Diff Wbc - Facility,PX-305000016,CDM,85025,CPT,305,RC,NULL,NULL,facility,outpatient,NULL,NULL,36,27,1119_AETNA,ALL PRODUCTS,NULL,NULL,90,NULL,32.4,percent of total billed charges,7.77,36,NULL,Complete Blood Count (CBC) with Differential,Aetna,Commercial (PPO/HMO)
mayo-clinic-arizona,Complete Cbc & Auto Diff Wbc - Facility,PX-305000016,CDM,85025,CPT,305,RC,NULL,NULL,facility,outpatient,NULL,NULL,36,27,1215_BLUE CROSS BLUE SHIELD EMERGENCY SERVICES,ALL PRODUCTS,NULL,NULL,100,NULL,36,percent of total billed charges,7.77,36,NULL,Complete Blood Count (CBC) with Differential,Blue Cross Blue Shield,Commercial (PPO/HMO)
mayo-clinic-arizona,93000 Routine Electrocardiogram (Ecg) Using at Least 12 Leads With Interpretation and Report Facility,PX-730000001,CDM,93000,CPT,730,RC,NULL,NULL,facility,outpatient,NULL,NULL,360,270,9_MEDICA,ALL PRODUCTS,NULL,NULL,95,NULL,342,percent of total billed charges,13.79,360,NULL,ECG (Heart Test) with Report,Medica,Commercial (PPO/HMO)
mayo-clinic-arizona,93000 Routine Electrocardiogram (Ecg) Using at Least 12 Leads With Interpretation and Report Facility,PX-730000001,CDM,93000,CPT,730,RC,NULL,NULL,facility,outpatient,NULL,NULL,360,270,26_AETNA,ALL PRODUCTS,NULL,NULL,75,NULL,270,percent of total billed charges,13.79,360,NULL,ECG (Heart Test) with Report,Aetna,Commercial (PPO/HMO)
mayo-clinic-arizona,93000 Routine Electrocardiogram (Ecg) Using at Least 12 Leads With Interpretation and Report Facility,PX-730000001,CDM,93000,CPT,730,RC,NULL,NULL,facility,outpatient,NULL,NULL,360,270,39_CIGNA,ALL PRODUCTS,NULL,NULL,69,NULL,248.4,percent of total billed charges,13.79,360,NULL,ECG (Heart Test) with Report,Cigna,Commercial (PPO/HMO)
mayo-clinic-arizona,93000 Routine Electrocardiogram (Ecg) Using at Least 12 Leads With Interpretation and Report Facility,PX-730000001,CDM,93000,CPT,730,RC,NULL,NULL,facility,outpatient,NULL,NULL,360,270,53_CENTRAL STATES TRANSPLANT,SPECIALTY,NULL,NULL,75,NULL,270,percent of total billed charges,13.79,360,NULL,ECG (Heart Test) with Report,Central States,Transplant Plans
mayo-clinic-arizona,93000 Routine Electrocardiogram (Ecg) Using at Least 12 Leads With Interpretation and Report Facility,PX-730000001,CDM,93000,CPT,730,RC,NULL,NULL,facility,outpatient,NULL,NULL,360,270,124_BLUE CROSS BLUE SHIELD,ALL PRODUCTS,NULL,NULL,75,NULL,270,percent of total billed charges,13.79,360,NULL,ECG (Heart Test) with Report,Blue Cross Blue Shield,Commercial (PPO/HMO)
mayo-clinic-arizona,93000 Routine Electrocardiogram (Ecg) Using at Least 12 Leads With Interpretation and Report Facility,PX-730000001,CDM,93000,CPT,730,RC,NULL,NULL,facility,outpatient,NULL,NULL,360,270,675_AETNA,MEDICARE ADV.,NULL,13.79,NULL,NULL,13.79,fee schedule,13.79,360,NULL,ECG (Heart Test) with Report,Aetna,Medicare Advantage
mayo-clinic-arizona,93000 Routine Electrocardiogram (Ecg) Using at Least 12 Leads With Interpretation and Report Facility,PX-730000001,CDM,93000,CPT,730,RC,NULL,NULL,facility,outpatient,NULL,NULL,360,270,675_BLUE CROSS BLUE SHIELD,MEDICARE ADV.,NULL,13.79,NULL,NULL,13.79,fee schedule,13.79,360,NULL,ECG (Heart Test) with Report,Blue Cross Blue Shield,Medicare Advantage Plans
mayo-clinic-arizona,93000 Routine Electrocardiogram (Ecg) Using at Least 12 Leads With Interpretation and Report Facility,PX-730000001,CDM,93000,CPT,730,RC,NULL,NULL,facility,outpatient,NULL,NULL,360,270,675_CIGNA,MEDICARE ADV.,NULL,13.79,NULL,NULL,13.79,fee schedule,13.79,360,NULL,ECG (Heart Test) with Report,Cigna,Medicare Advantage Plans
mayo-clinic-arizona,93000 Routine Electrocardiogram (Ecg) Using at Least 12 Leads With Interpretation and Report Facility,PX-730000001,CDM,93000,CPT,730,RC,NULL,NULL,facility,outpatient,NULL,NULL,360,270,694_KAISER PERMANENTE TRANSPLANT,SPECIALTY,NULL,NULL,75,NULL,270,percent of total billed charges,13.79,360,NULL,ECG (Heart Test) with Report,Kaiser Permanente,Transplant Plans
mayo-clinic-arizona,93000 Routine Electrocardiogram (Ecg) Using at Least 12 Leads With Interpretation and Report Facility,PX-730000001,CDM,93000,CPT,730,RC,NULL,NULL,facility,outpatient,NULL,NULL,360,270,706_HEALTHSCOPE BENEFITS,ALL PRODUCTS,NULL,NULL,75,NULL,270,percent of total billed charges,13.79,360,NULL,ECG (Heart Test) with Report,Healthscope Benefits,Commercial (PPO/HMO)
mayo-clinic-arizona,93000 Routine Electrocardiogram (Ecg) Using at Least 12 Leads With Interpretation and Report Facility,PX-730000001,CDM,93000,CPT,730,RC,NULL,NULL,facility,outpatient,NULL,NULL,360,270,754_MEDICA,ALL PRODUCTS,NULL,NULL,90,NULL,324,percent of total billed charges,13.79,360,NULL,ECG (Heart Test) with Report,Medica,Commercial (PPO/HMO)
mayo-clinic-arizona,93000 Routine Electrocardiogram (Ecg) Using at Least 12 Leads With Interpretation and Report Facility,PX-730000001,CDM,93000,CPT,730,RC,NULL,NULL,facility,outpatient,NULL,NULL,360,270,836_CENTRAL STATES,ALL PRODUCTS,NULL,NULL,75,NULL,270,percent of total billed charges,13.79,360,NULL,ECG (Heart Test) with Report,Central States,Commercial (PPO/HMO)
mayo-clinic-arizona,93000 Routine Electrocardiogram (Ecg) Using at Least 12 Leads With Interpretation and Report Facility,PX-730000001,CDM,93000,CPT,730,RC,NULL,NULL,facility,outpatient,NULL,NULL,360,270,838_CIGNA,ALL PRODUCTS,NULL,NULL,75,NULL,270,percent of total billed charges,13.79,360,NULL,ECG (Heart Test) with Report,Cigna,Commercial (PPO/HMO)
mayo-clinic-arizona,93000 Routine Electrocardiogram (Ecg) Using at Least 12 Leads With Interpretation and Report Facility,PX-730000001,CDM,93000,CPT,730,RC,NULL,NULL,facility,outpatient,NULL,NULL,360,270,875_BLUE CROSS BLUE SHIELD TRANSPLANT,SPECIALTY,NULL,NULL,75,NULL,270,percent of total billed charges,13.79,360,NULL,ECG (Heart Test) with Report,Blue Cross Blue Shield,Transplant Plans
mayo-clinic-arizona,93000 Routine Electrocardiogram (Ecg) Using at Least 12 Leads With Interpretation and Report Facility,PX-730000001,CDM,93000,CPT,730,RC,NULL,NULL,facility,outpatient,NULL,NULL,360,270,1019_CIGNA,MISC. GOVERNMENT,NULL,NULL,69,NULL,248.4,percent of total billed charges,13.79,360,NULL,ECG (Heart Test) with Report,Cigna,Misc. Government Plans
mayo-clinic-arizona,93000 Routine Electrocardiogram (Ecg) Using at Least 12 Leads With Interpretation and Report Facility,PX-730000001,CDM,93000,CPT,730,RC,NULL,NULL,facility,outpatient,NULL,NULL,360,270,1020_BLUE CROSS BLUE SHIELD FEDERAL RETIREE,MISC. GOVERNMENT,NULL,NULL,75,NULL,270,percent of total billed charges,13.79,360,NULL,ECG (Heart Test) with Report,Blue Cross Blue Shield,Government Plan
mayo-clinic-arizona,93000 Routine Electrocardiogram (Ecg) Using at Least 12 Leads With Interpretation and Report Facility,PX-730000001,CDM,93000,CPT,730,RC,NULL,NULL,facility,outpatient,NULL,NULL,360,270,1021_AETNA GOVERNMENT EMPLOYEES HEALTH ASSOCIATION,ALL PRODUCTS,NULL,NULL,80,NULL,288,percent of total billed charges,13.79,360,NULL,ECG (Heart Test) with Report,Aetna,Commercial (PPO/HMO)
mayo-clinic-arizona,93000 Routine Electrocardiogram (Ecg) Using at Least 12 Leads With Interpretation and Report Facility,PX-730000001,CDM,93000,CPT,730,RC,NULL,NULL,facility,outpatient,NULL,NULL,360,270,1119_AETNA,ALL PRODUCTS,NULL,NULL,90,NULL,324,percent of total billed charges,13.79,360,NULL,ECG (Heart Test) with Report,Aetna,Commercial (PPO/HMO)
mayo-clinic-arizona,93000 Routine Electrocardiogram (Ecg) Using at Least 12 Leads With Interpretation and Report Facility,PX-730000001,CDM,93000,CPT,730,RC,NULL,NULL,facility,outpatient,NULL,NULL,360,270,1215_BLUE CROSS BLUE SHIELD EMERGENCY SERVICES,ALL PRODUCTS,NULL,NULL,100,NULL,360,percent of total billed charges,13.79,360,NULL,ECG (Heart Test) with Report,Blue Cross Blue Shield,Commercial (PPO/HMO)
mayo-clinic-arizona,36415 Insertion of Needle Into Vein for Collection of Blood Sample,PX-36415,CDM,36415,CPT,NULL,NULL,NULL,NULL,professional,outpatient,NULL,NULL,27,20.25,15_AETNA,ALL PRODUCTS,NULL,NULL,95,NULL,25.65,percent of total billed charges,1.89,26.19,NULL,Blood Sample Collection,Aetna,Commercial (PPO/HMO)
mayo-clinic-arizona,36415 Insertion of Needle Into Vein for Collection of Blood Sample,PX-36415,CDM,36415,CPT,NULL,NULL,NULL,NULL,professional,outpatient,NULL,NULL,27,20.25,15_BLUE CROSS BLUE SHIELD TRANSPLANT,SPECIALTY,NULL,NULL,95,NULL,25.65,percent of total billed charges,1.89,26.19,NULL,Blood Sample Collection,Blue Cross Blue Shield,Transplant Plans
mayo-clinic-arizona,36415 Insertion of Needle Into Vein for Collection of Blood Sample,PX-36415,CDM,36415,CPT,NULL,NULL,NULL,NULL,professional,outpatient,NULL,NULL,27,20.25,15_HEALTH PLANS INCORPORATED,ALL PRODUCTS,NULL,NULL,95,NULL,25.65,percent of total billed charges,1.89,26.19,NULL,Blood Sample Collection,Health Plans Inc,Commercial (PPO/HMO)
mayo-clinic-arizona,36415 Insertion of Needle Into Vein for Collection of Blood Sample,PX-36415,CDM,36415,CPT,NULL,NULL,NULL,NULL,professional,outpatient,NULL,NULL,27,20.25,15_HEALTH PLANS INCORPORATED TRANSPLANT,ALL PRODUCTS,NULL,NULL,95,NULL,25.65,percent of total billed charges,1.89,26.19,NULL,Blood Sample Collection,Health Plans Inc,Commercial (PPO/HMO)
mayo-clinic-arizona,36415 Insertion of Needle Into Vein for Collection of Blood Sample,PX-36415,CDM,36415,CPT,NULL,NULL,NULL,NULL,professional,outpatient,NULL,NULL,27,20.25,15_HEALTHSCOPE BENEFITS TRANSPLANT,SPECIALTY,NULL,NULL,95,NULL,25.65,percent of total billed charges,1.89,26.19,NULL,Blood Sample Collection,Healthscope Benefits,Transplant Plans
mayo-clinic-arizona,36415 Insertion of Needle Into Vein for Collection of Blood Sample,PX-36415,CDM,36415,CPT,NULL,NULL,NULL,NULL,professional,outpatient,NULL,NULL,27,20.25,15_KAISER PERMANENTE TRANSPLANT,SPECIALTY,NULL,NULL,95,NULL,25.65,percent of total billed charges,1.89,26.19,NULL,Blood Sample Collection,Kaiser Permanente,Transplant Plans
mayo-clinic-arizona,36415 Insertion of Needle Into Vein for Collection of Blood Sample,PX-36415,CDM,36415,CPT,NULL,NULL,NULL,NULL,professional,outpatient,NULL,NULL,27,20.25,15_MEDICA,ALL PRODUCTS,NULL,NULL,95,NULL,25.65,percent of total billed charges,1.89,26.19,NULL,Blood Sample Collection,Medica,Commercial (PPO/HMO)
mayo-clinic-arizona,36415 Insertion of Needle Into Vein for Collection of Blood Sample,PX-36415,CDM,36415,CPT,NULL,NULL,NULL,NULL,professional,outpatient,NULL,NULL,27,20.25,37_CENTRAL STATES,ALL PRODUCTS,NULL,NULL,75,NULL,20.25,percent of total billed charges,1.89,26.19,NULL,Blood Sample Collection,Central States,Commercial (PPO/HMO)
mayo-clinic-arizona,36415 Insertion of Needle Into Vein for Collection of Blood Sample,PX-36415,CDM,36415,CPT,NULL,NULL,NULL,NULL,professional,outpatient,NULL,NULL,27,20.25,48_MEDICA,ALL PRODUCTS,NULL,NULL,90,NULL,24.3,percent of total billed charges,1.89,26.19,NULL,Blood Sample Collection,Medica,Commercial (PPO/HMO)
mayo-clinic-arizona,36415 Insertion of Needle Into Vein for Collection of Blood Sample,PX-36415,CDM,36415,CPT,NULL,NULL,NULL,NULL,professional,outpatient,NULL,NULL,27,20.25,49_AETNA TRANSPLANT,SPECIALTY,NULL,NULL,75,NULL,20.25,percent of total billed charges,1.89,26.19,NULL,Blood Sample Collection,Aetna,Specialty Network
mayo-clinic-arizona,36415 Insertion of Needle Into Vein for Collection of Blood Sample,PX-36415,CDM,36415,CPT,NULL,NULL,NULL,NULL,professional,outpatient,NULL,NULL,27,20.25,162_AETNA SIGNATURE ADMINISTRATIVE NETWORK,ALL PRODUCTS,NULL,NULL,90,NULL,24.3,percent of total billed charges,1.89,26.19,NULL,Blood Sample Collection,Aetna,Commercial (PPO/HMO)
mayo-clinic-arizona,36415 Insertion of Needle Into Vein for Collection of Blood Sample,PX-36415,CDM,36415,CPT,NULL,NULL,NULL,NULL,professional,outpatient,NULL,NULL,27,20.25,165_AETNA,ALL PRODUCTS,NULL,NULL,75,NULL,20.25,percent of total billed charges,1.89,26.19,NULL,Blood Sample Collection,Aetna,Commercial (PPO/HMO)
mayo-clinic-arizona,36415 Insertion of Needle Into Vein for Collection of Blood Sample,PX-36415,CDM,36415,CPT,NULL,NULL,NULL,NULL,professional,outpatient,NULL,NULL,27,20.25,645_HEALTHSCOPE BENEFITS TRANSPLANT,SPECIALTY,NULL,NULL,95,NULL,25.65,percent of total billed charges,1.89,26.19,NULL,Blood Sample Collection,Healthscope Benefits,Transplant Plans
mayo-clinic-arizona,36415 Insertion of Needle Into Vein for Collection of Blood Sample,PX-36415,CDM,36415,CPT,NULL,NULL,NULL,NULL,professional,outpatient,NULL,NULL,27,20.25,701_HEALTHSCOPE BENEFITS TRANSPLANT,SPECIALTY,NULL,NULL,75,NULL,20.25,percent of total billed charges,1.89,26.19,NULL,Blood Sample Collection,Healthscope Benefits,Transplant Plans
mayo-clinic-arizona,36415 Insertion of Needle Into Vein for Collection of Blood Sample,PX-36415,CDM,36415,CPT,NULL,NULL,NULL,NULL,professional,outpatient,NULL,NULL,27,20.25,756_MEDICA,ALL PRODUCTS,NULL,NULL,75,NULL,20.25,percent of total billed charges,1.89,26.19,NULL,Blood Sample Collection,Medica,Commercial (PPO/HMO)
mayo-clinic-arizona,36415 Insertion of Needle Into Vein for Collection of Blood Sample,PX-36415,CDM,36415,CPT,NULL,NULL,NULL,NULL,professional,outpatient,NULL,NULL,27,20.25,823_HEALTH PLANS INCORPORATED TRANSPLANT,SPECIALTY,NULL,NULL,75,NULL,20.25,percent of total billed charges,1.89,26.19,NULL,Blood Sample Collection,Health Plans Inc,Transplant Plans
mayo-clinic-arizona,36415 Insertion of Needle Into Vein for Collection of Blood Sample,PX-36415,CDM,36415,CPT,NULL,NULL,NULL,NULL,professional,outpatient,NULL,NULL,27,20.25,840_CIGNA LIFESOURCE TRANSPLANT,SPECIALTY,NULL,NULL,75,NULL,20.25,percent of total billed charges,1.89,26.19,NULL,Blood Sample Collection,Cigna,Transplant Plans
mayo-clinic-arizona,36415 Insertion of Needle Into Vein for Collection of Blood Sample,PX-36415,CDM,36415,CPT,NULL,NULL,NULL,NULL,professional,outpatient,NULL,NULL,27,20.25,876_BLUE CROSS BLUE SHIELD TRANSPLANT,SPECIALTY,NULL,NULL,75,NULL,20.25,percent of total billed charges,1.89,26.19,NULL,Blood Sample Collection,Blue Cross Blue Shield,Transplant Plans
mayo-clinic-arizona,36415 Insertion of Needle Into Vein for Collection of Blood Sample,PX-36415,CDM,36415,CPT,NULL,NULL,NULL,NULL,professional,outpatient,NULL,NULL,27,20.25,968_AETNA GOVERNMENT EMPLOYEES HEALTH ASSOCIATION,MEDICARE ADV.,NULL,NULL,80,NULL,21.6,percent of total billed charges,1.89,26.19,NULL,Blood Sample Collection,Aetna,Medicare Advantage
mayo-clinic-arizona,36415 Insertion of Needle Into Vein for Collection of Blood Sample,PX-36415,CDM,36415,CPT,NULL,NULL,NULL,NULL,professional,outpatient,NULL,NULL,27,20.25,996_AETNA NETWORK,MEDICARE ADV.,NULL,NULL,75,NULL,20.25,percent of total billed charges,1.89,26.19,NULL,Blood Sample Collection,Aetna,Medicare Advantage
mayo-clinic-arizona,73718 MRI Scan of Leg Without Contrast,PX-73718,CDM,73718,CPT,NULL,NULL,NULL,NULL,professional,outpatient,NULL,NULL,1999,1499.25,15_AETNA,ALL PRODUCTS,NULL,NULL,95,NULL,1899.05,percent of total billed charges,43.12,1999,NULL,"MRI Scan (Leg, No Contrast)",Aetna,Commercial (PPO/HMO)
mayo-clinic-arizona,73718 MRI Scan of Leg Without Contrast,PX-73718,CDM,73718,CPT,NULL,NULL,NULL,NULL,professional,outpatient,NULL,NULL,1999,1499.25,15_AETNA,ALL PRODUCTS,NULL,NULL,75,NULL,1499.25,percent of total billed charges,43.12,1999,NULL,"MRI Scan (Leg, No Contrast)",Aetna,Commercial (PPO/HMO)
mayo-clinic-arizona,73718 MRI Scan of Leg Without Contrast,PX-73718,CDM,73718,CPT,NULL,NULL,NULL,NULL,professional,outpatient,NULL,NULL,1999,1499.25,15_AETNA,ALL PRODUCTS,NULL,NULL,80,NULL,1599.2,percent of total billed charges,43.12,1999,NULL,"MRI Scan (Leg, No Contrast)",Aetna,Commercial (PPO/HMO)
mayo-clinic-arizona,73718 MRI Scan of Leg Without Contrast,PX-73718,CDM,73718,CPT,NULL,NULL,NULL,NULL,professional,outpatient,NULL,NULL,1999,1499.25,15_AETNA,ALL PRODUCTS,NULL,NULL,85,NULL,1699.15,percent of total billed charges,43.12,1999,NULL,"MRI Scan (Leg, No Contrast)",Aetna,Commercial (PPO/HMO)
mayo-clinic-arizona,73718 MRI Scan of Leg Without Contrast,PX-73718,CDM,73718,CPT,NULL,NULL,NULL,NULL,professional,outpatient,NULL,NULL,1999,1499.25,15_AETNA,ALL PRODUCTS,NULL,NULL,90,NULL,1799.1,percent of total billed charges,43.12,1999,NULL,"MRI Scan (Leg, No Contrast)",Aetna,Commercial (PPO/HMO)
mayo-clinic-arizona,73718 MRI Scan of Leg Without Contrast,PX-73718,CDM,73718,CPT,NULL,NULL,NULL,NULL,professional,outpatient,NULL,NULL,1999,1499.25,15_BLUE CROSS BLUE SHIELD TRANSPLANT,SPECIALTY,NULL,NULL,95,NULL,1899.05,percent of total billed charges,43.12,1999,NULL,"MRI Scan (Leg, No Contrast)",Blue Cross Blue Shield,Transplant Plans
mayo-clinic-arizona,73718 MRI Scan of Leg Without Contrast,PX-73718,CDM,73718,CPT,NULL,NULL,NULL,NULL,professional,outpatient,NULL,NULL,1999,1499.25,15_BLUE CROSS BLUE SHIELD TRANSPLANT,SPECIALTY,NULL,NULL,75,NULL,1499.25,percent of total billed charges,43.12,1999,NULL,"MRI Scan (Leg, No Contrast)",Blue Cross Blue Shield,Transplant Plans
mayo-clinic-arizona,73718 MRI Scan of Leg Without Contrast,PX-73718,CDM,73718,CPT,NULL,NULL,NULL,NULL,professional,outpatient,NULL,NULL,1999,1499.25,15_BLUE CROSS BLUE SHIELD TRANSPLANT,SPECIALTY,NULL,NULL,80,NULL,1599.2,percent of total billed charges,43.12,1999,NULL,"MRI Scan (Leg, No Contrast)",Blue Cross Blue Shield,Transplant Plans
mayo-clinic-arizona,73718 MRI Scan of Leg Without Contrast,PX-73718,CDM,73718,CPT,NULL,NULL,NULL,NULL,professional,outpatient,NULL,NULL,1999,1499.25,15_BLUE CROSS BLUE SHIELD TRANSPLANT,SPECIALTY,NULL,NULL,85,NULL,1699.15,percent of total billed charges,43.12,1999,NULL,"MRI Scan (Leg, No Contrast)",Blue Cross Blue Shield,Transplant Plans
mayo-clinic-arizona,73718 MRI Scan of Leg Without Contrast,PX-73718,CDM,73718,CPT,NULL,NULL,NULL,NULL,professional,outpatient,NULL,NULL,1999,1499.25,15_BLUE CROSS BLUE SHIELD TRANSPLANT,SPECIALTY,NULL,NULL,90,NULL,1799.1,percent of total billed charges,43.12,1999,NULL,"MRI Scan (Leg, No Contrast)",Blue Cross Blue Shield,Transplant Plans
mayo-clinic-arizona,73718 MRI Scan of Leg Without Contrast,PX-73718,CDM,73718,CPT,NULL,NULL,NULL,NULL,professional,outpatient,NULL,NULL,1999,1499.25,15_HEALTH PLANS INCORPORATED,ALL PRODUCTS,NULL,NULL,95,NULL,1899.05,percent of total billed charges,43.12,1999,NULL,"MRI Scan (Leg, No Contrast)",Health Plans Inc,Commercial (PPO/HMO)
mayo-clinic-arizona,73718 MRI Scan of Leg Without Contrast,PX-73718,CDM,73718,CPT,NULL,NULL,NULL,NULL,professional,outpatient,NULL,NULL,1999,1499.25,15_HEALTH PLANS INCORPORATED,ALL PRODUCTS,NULL,NULL,75,NULL,1499.25,percent of total billed charges,43.12,1999,NULL,"MRI Scan (Leg, No Contrast)",Health Plans Inc,Commercial (PPO/HMO)
mayo-clinic-arizona,73718 MRI Scan of Leg Without Contrast,PX-73718,CDM,73718,CPT,NULL,NULL,NULL,NULL,professional,outpatient,NULL,NULL,1999,1499.25,15_HEALTH PLANS INCORPORATED,ALL PRODUCTS,NULL,NULL,80,NULL,1599.2,percent of total billed charges,43.12,1999,NULL,"MRI Scan (Leg, No Contrast)",Health Plans Inc,Commercial (PPO/HMO)
mayo-clinic-arizona,73718 MRI Scan of Leg Without Contrast,PX-73718,CDM,73718,CPT,NULL,NULL,NULL,NULL,professional,outpatient,NULL,NULL,1999,1499.25,15_HEALTH PLANS INCORPORATED,ALL PRODUCTS,NULL,NULL,85,NULL,1699.15,percent of total billed charges,43.12,1999,NULL,"MRI Scan (Leg, No Contrast)",Health Plans Inc,Commercial (PPO/HMO)
mayo-clinic-arizona,73718 MRI Scan of Leg Without Contrast,PX-73718,CDM,73718,CPT,NULL,NULL,NULL,NULL,professional,outpatient,NULL,NULL,1999,1499.25,15_HEALTH PLANS INCORPORATED,ALL PRODUCTS,NULL,NULL,90,NULL,1799.1,percent of total billed charges,43.12,1999,NULL,"MRI Scan (Leg, No Contrast)",Health Plans Inc,Commercial (PPO/HMO)
mayo-clinic-arizona,73718 MRI Scan of Leg Without Contrast,PX-73718,CDM,73718,CPT,NULL,NULL,NULL,NULL,professional,outpatient,NULL,NULL,1999,1499.25,15_HEALTH PLANS INCORPORATED TRANSPLANT,ALL PRODUCTS,NULL,NULL,95,NULL,1899.05,percent of total billed charges,43.12,1999,NULL,"MRI Scan (Leg, No Contrast)",Health Plans Inc,Commercial (PPO/HMO)
mayo-clinic-arizona,73718 MRI Scan of Leg Without Contrast,PX-73718,CDM,73718,CPT,NULL,NULL,NULL,NULL,professional,outpatient,NULL,NULL,1999,1499.25,15_HEALTH PLANS INCORPORATED TRANSPLANT,ALL PRODUCTS,NULL,NULL,75,NULL,1499.25,percent of total billed charges,43.12,1999,NULL,"MRI Scan (Leg, No Contrast)",Health Plans Inc,Commercial (PPO/HMO)
mayo-clinic-arizona,73718 MRI Scan of Leg Without Contrast,PX-73718,CDM,73718,CPT,NULL,NULL,NULL,NULL,professional,outpatient,NULL,NULL,1999,1499.25,15_HEALTH PLANS INCORPORATED TRANSPLANT,ALL PRODUCTS,NULL,NULL,80,NULL,1599.2,percent of total billed charges,43.12,1999,NULL,"MRI Scan (Leg, No Contrast)",Health Plans Inc,Commercial (PPO/HMO)
mayo-clinic-arizona,73718 MRI Scan of Leg Without Contrast,PX-73718,CDM,73718,CPT,NULL,NULL,NULL,NULL,professional,outpatient,NULL,NULL,1999,1499.25,15_HEALTH PLANS INCORPORATED TRANSPLANT,ALL PRODUCTS,NULL,NULL,85,NULL,1699.15,percent of total billed charges,43.12,1999,NULL,"MRI Scan (Leg, No Contrast)",Health Plans Inc,Commercial (PPO/HMO)
mayo-clinic-arizona,73718 MRI Scan of Leg Without Contrast,PX-73718,CDM,73718,CPT,NULL,NULL,NULL,NULL,professional,outpatient,NULL,NULL,1999,1499.25,15_HEALTH PLANS INCORPORATED TRANSPLANT,ALL PRODUCTS,NULL,NULL,90,NULL,1799.1,percent of total billed charges,43.12,1999,NULL,"MRI Scan (Leg, No Contrast)",Health Plans Inc,Commercial (PPO/HMO)
mayo-clinic-arizona,73718 MRI Scan of Leg Without Contrast,PX-73718,CDM,73718,CPT,NULL,NULL,NULL,NULL,professional,outpatient,NULL,NULL,1999,1499.25,15_HEALTHSCOPE BENEFITS TRANSPLANT,SPECIALTY,NULL,NULL,95,NULL,1899.05,percent of total billed charges,43.12,1999,NULL,"MRI Scan (Leg, No Contrast)",Healthscope Benefits,Transplant Plans
mayo-clinic-arizona,73718 MRI Scan of Leg Without Contrast,PX-73718,CDM,73718,CPT,NULL,NULL,NULL,NULL,professional,outpatient,NULL,NULL,1999,1499.25,15_HEALTHSCOPE BENEFITS TRANSPLANT,SPECIALTY,NULL,NULL,75,NULL,1499.25,percent of total billed charges,43.12,1999,NULL,"MRI Scan (Leg, No Contrast)",Healthscope Benefits,Transplant Plans
mayo-clinic-arizona,73718 MRI Scan of Leg Without Contrast,PX-73718,CDM,73718,CPT,NULL,NULL,NULL,NULL,professional,outpatient,NULL,NULL,1999,1499.25,15_HEALTHSCOPE BENEFITS TRANSPLANT,SPECIALTY,NULL,NULL,80,NULL,1599.2,percent of total billed charges,43.12,1999,NULL,"MRI Scan (Leg, No Contrast)",Healthscope Benefits,Transplant Plans
mayo-clinic-arizona,73718 MRI Scan of Leg Without Contrast,PX-73718,CDM,73718,CPT,NULL,NULL,NULL,NULL,professional,outpatient,NULL,NULL,1999,1499.25,15_HEALTHSCOPE BENEFITS TRANSPLANT,SPECIALTY,NULL,NULL,85,NULL,1699.15,percent of total billed charges,43.12,1999,NULL,"MRI Scan (Leg, No Contrast)",Healthscope Benefits,Transplant Plans
mayo-clinic-arizona,73718 MRI Scan of Leg Without Contrast,PX-73718,CDM,73718,CPT,NULL,NULL,NULL,NULL,professional,outpatient,NULL,NULL,1999,1499.25,15_HEALTHSCOPE BENEFITS TRANSPLANT,SPECIALTY,NULL,NULL,90,NULL,1799.1,percent of total billed charges,43.12,1999,NULL,"MRI Scan (Leg, No Contrast)",Healthscope Benefits,Transplant Plans
mayo-clinic-arizona,73718 MRI Scan of Leg Without Contrast,PX-73718,CDM,73718,CPT,NULL,NULL,NULL,NULL,professional,outpatient,NULL,NULL,1999,1499.25,15_KAISER PERMANENTE TRANSPLANT,SPECIALTY,NULL,NULL,95,NULL,1899.05,percent of total billed charges,43.12,1999,NULL,"MRI Scan (Leg, No Contrast)",Kaiser Permanente,Transplant Plans
mayo-clinic-arizona,73718 MRI Scan of Leg Without Contrast,PX-73718,CDM,73718,CPT,NULL,NULL,NULL,NULL,professional,outpatient,NULL,NULL,1999,1499.25,15_KAISER PERMANENTE TRANSPLANT,SPECIALTY,NULL,NULL,75,NULL,1499.25,percent of total billed charges,43.12,1999,NULL,"MRI Scan (Leg, No Contrast)",Kaiser Permanente,Transplant Plans
mayo-clinic-arizona,73718 MRI Scan of Leg Without Contrast,PX-73718,CDM,73718,CPT,NULL,NULL,NULL,NULL,professional,outpatient,NULL,NULL,1999,1499.25,15_KAISER PERMANENTE TRANSPLANT,SPECIALTY,NULL,NULL,80,NULL,1599.2,percent of total billed charges,43.12,1999,NULL,"MRI Scan (Leg, No Contrast)",Kaiser Permanente,Transplant Plans
mayo-clinic-arizona,73718 MRI Scan of Leg Without Contrast,PX-73718,CDM,73718,CPT,NULL,NULL,NULL,NULL,professional,outpatient,NULL,NULL,1999,1499.25,15_KAISER PERMANENTE TRANSPLANT,SPECIALTY,NULL,NULL,85,NULL,1699.15,percent of total billed charges,43.12,1999,NULL,"MRI Scan (Leg, No Contrast)",Kaiser Permanente,Transplant Plans
mayo-clinic-arizona,73718 MRI Scan of Leg Without Contrast,PX-73718,CDM,73718,CPT,NULL,NULL,NULL,NULL,professional,outpatient,NULL,NULL,1999,1499.25,15_KAISER PERMANENTE TRANSPLANT,SPECIALTY,NULL,NULL,90,NULL,1799.1,percent of total billed charges,43.12,1999,NULL,"MRI Scan (Leg, No Contrast)",Kaiser Permanente,Transplant Plans
mayo-clinic-arizona,73718 MRI Scan of Leg Without Contrast,PX-73718,CDM,73718,CPT,NULL,NULL,NULL,NULL,professional,outpatient,NULL,NULL,1999,1499.25,15_MEDICA,ALL PRODUCTS,NULL,NULL,95,NULL,1899.05,percent of total billed charges,43.12,1999,NULL,"MRI Scan (Leg, No Contrast)",Medica,Commercial (PPO/HMO)
mayo-clinic-arizona,73718 MRI Scan of Leg Without Contrast,PX-73718,CDM,73718,CPT,NULL,NULL,NULL,NULL,professional,outpatient,NULL,NULL,1999,1499.25,15_MEDICA,ALL PRODUCTS,NULL,NULL,75,NULL,1499.25,percent of total billed charges,43.12,1999,NULL,"MRI Scan (Leg, No Contrast)",Medica,Commercial (PPO/HMO)
mayo-clinic-arizona,73718 MRI Scan of Leg Without Contrast,PX-73718,CDM,73718,CPT,NULL,NULL,NULL,NULL,professional,outpatient,NULL,NULL,1999,1499.25,15_MEDICA,ALL PRODUCTS,NULL,NULL,80,NULL,1599.2,percent of total billed charges,43.12,1999,NULL,"MRI Scan (Leg, No Contrast)",Medica,Commercial (PPO/HMO)
mayo-clinic-arizona,73718 MRI Scan of Leg Without Contrast,PX-73718,CDM,73718,CPT,NULL,NULL,NULL,NULL,professional,outpatient,NULL,NULL,1999,1499.25,15_MEDICA,ALL PRODUCTS,NULL,NULL,85,NULL,1699.15,percent of total billed charges,43.12,1999,NULL,"MRI Scan (Leg, No Contrast)",Medica,Commercial (PPO/HMO)
mayo-clinic-arizona,73718 MRI Scan of Leg Without Contrast,PX-73718,CDM,73718,CPT,NULL,NULL,NULL,NULL,professional,outpatient,NULL,NULL,1999,1499.25,15_MEDICA,ALL PRODUCTS,NULL,NULL,90,NULL,1799.1,percent of total billed charges,43.12,1999,NULL,"MRI Scan (Leg, No Contrast)",Medica,Commercial (PPO/HMO)
mayo-clinic-arizona,73718 MRI Scan of Leg Without Contrast,PX-73718,CDM,73718,CPT,NULL,NULL,NULL,NULL,professional,outpatient,NULL,NULL,1999,1499.25,37_CENTRAL STATES,ALL PRODUCTS,NULL,NULL,75,NULL,1499.25,percent of total billed charges,43.12,1999,NULL,"MRI Scan (Leg, No Contrast)",Central States,Commercial (PPO/HMO)
mayo-clinic-arizona,73718 MRI Scan of Leg Without Contrast,PX-73718,CDM,73718,CPT,NULL,NULL,NULL,NULL,professional,outpatient,NULL,NULL,1999,1499.25,162_AETNA SIGNATURE ADMINISTRATIVE NETWORK,ALL PRODUCTS,NULL,NULL,90,NULL,1799.1,percent of total billed charges,43.12,1999,NULL,"MRI Scan (Leg, No Contrast)",Aetna,Commercial (PPO/HMO)
mayo-clinic-arizona,73718 MRI Scan of Leg Without Contrast,PX-73718,CDM,73718,CPT,NULL,NULL,NULL,NULL,professional,outpatient,NULL,NULL,1999,1499.25,165_AETNA,ALL PRODUCTS,NULL,NULL,75,NULL,1499.25,percent of total billed charges,43.12,1999,NULL,"MRI Scan (Leg, No Contrast)",Aetna,Commercial (PPO/HMO)
mayo-clinic-arizona,73718 MRI Scan of Leg Without Contrast,PX-73718,CDM,73718,CPT,NULL,NULL,NULL,NULL,professional,outpatient,NULL,NULL,1999,1499.25,756_MEDICA,ALL PRODUCTS,NULL,NULL,75,NULL,1499.25,percent of total billed charges,43.12,1999,NULL,"MRI Scan (Leg, No Contrast)",Medica,Commercial (PPO/HMO)
mayo-clinic-arizona,73718 MRI Scan of Leg Without Contrast,PX-73718,CDM,73718,CPT,NULL,NULL,NULL,NULL,professional,outpatient,NULL,NULL,1999,1499.25,840_CIGNA LIFESOURCE TRANSPLANT,SPECIALTY,NULL,NULL,75,NULL,1499.25,percent of total billed charges,43.12,1999,NULL,"MRI Scan (Leg, No Contrast)",Cigna,Transplant Plans
mayo-clinic-arizona,73718 MRI Scan of Leg Without Contrast,PX-73718,CDM,73718,CPT,NULL,NULL,NULL,NULL,professional,outpatient,NULL,NULL,1999,1499.25,968_AETNA GOVERNMENT EMPLOYEES HEALTH ASSOCIATION,MEDICARE ADV.,NULL,224.38,NULL,NULL,224.38,fee schedule,43.12,1999,NULL,"MRI Scan (Leg, No Contrast)",Aetna,Medicare Advantage
mayo-clinic-arizona,73718 MRI Scan of Leg Without Contrast,PX-73718,CDM,73718,CPT,NULL,NULL,NULL,NULL,professional,outpatient,NULL,NULL,1999,1499.25,996_AETNA NETWORK,MEDICARE ADV.,NULL,224.38,NULL,NULL,224.38,fee schedule,43.12,1999,NULL,"MRI Scan (Leg, No Contrast)",Aetna,Medicare Advantage
mayo-clinic-arizona,73718 MRI Scan of Leg Without Contrast,PX-73718,CDM,73718,CPT,NULL,NULL,NULL,NULL,professional,outpatient,NULL,NULL,1999,1499.25,1018_BLUE CROSS BLUE SHIELD,ALL PRODUCTS,NULL,1499.25,NULL,NULL,1499.25,fee schedule,43.12,1999,NULL,"MRI Scan (Leg, No Contrast)",Blue Cross Blue Shield,Commercial (PPO/HMO)
mayo-clinic-arizona,73718 MRI Scan of Leg Without Contrast,PX-73718,CDM,73718,CPT,NULL,NULL,NULL,NULL,professional,outpatient,NULL,NULL,1999,1499.25,1018_BLUE CROSS BLUE SHIELD AWARE NETWORK,ALL PRODUCTS,NULL,1499.25,NULL,NULL,1499.25,fee schedule,43.12,1999,NULL,"MRI Scan (Leg, No Contrast)",Blue Cross Blue Shield,Commercial (PPO/HMO)
mayo-clinic-arizona,73718 MRI Scan of Leg Without Contrast,PX-73718,CDM,73718,CPT,NULL,NULL,NULL,NULL,professional,outpatient,NULL,NULL,1999,1499.25,1018_CENTRAL STATES,ALL PRODUCTS,NULL,1499.25,NULL,NULL,1499.25,fee schedule,43.12,1999,NULL,"MRI Scan (Leg, No Contrast)",Central States,Commercial (PPO/HMO)
mayo-clinic-arizona,73718 MRI Scan of Leg Without Contrast,PX-73718,CDM,73718,CPT,NULL,NULL,NULL,NULL,professional,outpatient,NULL,NULL,1999,1499.25,1294_BLUE CROSS BLUE SHIELD,HMO,NULL,NULL,100,NULL,1999,percent of total billed charges,43.12,1999,NULL,"MRI Scan (Leg, No Contrast)",Blue Cross Blue Shield,Commercial (PPO/HMO)
mayo-clinic-arizona,Lipid Panel - Facility,PX-301000384,CDM,80061,CPT,301,RC,NULL,NULL,facility,outpatient,NULL,NULL,100,75,9_MEDICA,ALL PRODUCTS,NULL,NULL,95,NULL,95,percent of total billed charges,13.39,100,NULL,Cholesterol & Lipid Blood Test,Medica,Commercial (PPO/HMO)
mayo-clinic-arizona,Lipid Panel - Facility,PX-301000384,CDM,80061,CPT,301,RC,NULL,NULL,facility,outpatient,NULL,NULL,100,75,26_AETNA,ALL PRODUCTS,NULL,NULL,75,NULL,75,percent of total billed charges,13.39,100,NULL,Cholesterol & Lipid Blood Test,Aetna,Commercial (PPO/HMO)
mayo-clinic-arizona,Lipid Panel - Facility,PX-301000384,CDM,80061,CPT,301,RC,NULL,NULL,facility,outpatient,NULL,NULL,100,75,39_CIGNA,ALL PRODUCTS,NULL,NULL,69,NULL,69,percent of total billed charges,13.39,100,NULL,Cholesterol & Lipid Blood Test,Cigna,Commercial (PPO/HMO)
mayo-clinic-arizona,Lipid Panel - Facility,PX-301000384,CDM,80061,CPT,301,RC,NULL,NULL,facility,outpatient,NULL,NULL,100,75,53_CENTRAL STATES TRANSPLANT,SPECIALTY,NULL,NULL,75,NULL,75,percent of total billed charges,13.39,100,NULL,Cholesterol & Lipid Blood Test,Central States,Transplant Plans
mayo-clinic-arizona,Lipid Panel - Facility,PX-301000384,CDM,80061,CPT,301,RC,NULL,NULL,facility,outpatient,NULL,NULL,100,75,124_BLUE CROSS BLUE SHIELD,ALL PRODUCTS,NULL,NULL,75,NULL,75,percent of total billed charges,13.39,100,NULL,Cholesterol & Lipid Blood Test,Blue Cross Blue Shield,Commercial (PPO/HMO)
mayo-clinic-arizona,Lipid Panel - Facility,PX-301000384,CDM,80061,CPT,301,RC,NULL,NULL,facility,outpatient,NULL,NULL,100,75,675_AETNA,MEDICARE ADV.,NULL,13.39,NULL,NULL,13.39,fee schedule,13.39,100,NULL,Cholesterol & Lipid Blood Test,Aetna,Medicare Advantage
mayo-clinic-arizona,Lipid Panel - Facility,PX-301000384,CDM,80061,CPT,301,RC,NULL,NULL,facility,outpatient,NULL,NULL,100,75,675_BLUE CROSS BLUE SHIELD,MEDICARE ADV.,NULL,13.39,NULL,NULL,13.39,fee schedule,13.39,100,NULL,Cholesterol & Lipid Blood Test,Blue Cross Blue Shield,Medicare Advantage Plans
mayo-clinic-arizona,Lipid Panel - Facility,PX-301000384,CDM,80061,CPT,301,RC,NULL,NULL,facility,outpatient,NULL,NULL,100,75,675_CIGNA,MEDICARE ADV.,NULL,13.39,NULL,NULL,13.39,fee schedule,13.39,100,NULL,Cholesterol & Lipid Blood Test,Cigna,Medicare Advantage Plans
mayo-clinic-arizona,Lipid Panel - Facility,PX-301000384,CDM,80061,CPT,301,RC,NULL,NULL,facility,outpatient,NULL,NULL,100,75,694_KAISER PERMANENTE TRANSPLANT,SPECIALTY,NULL,NULL,75,NULL,75,percent of total billed charges,13.39,100,NULL,Cholesterol & Lipid Blood Test,Kaiser Permanente,Transplant Plans
mayo-clinic-arizona,Lipid Panel - Facility,PX-301000384,CDM,80061,CPT,301,RC,NULL,NULL,facility,outpatient,NULL,NULL,100,75,706_HEALTHSCOPE BENEFITS,ALL PRODUCTS,NULL,NULL,75,NULL,75,percent of total billed charges,13.39,100,NULL,Cholesterol & Lipid Blood Test,Healthscope Benefits,Commercial (PPO/HMO)
mayo-clinic-arizona,Lipid Panel - Facility,PX-301000384,CDM,80061,CPT,301,RC,NULL,NULL,facility,outpatient,NULL,NULL,100,75,754_MEDICA,ALL PRODUCTS,NULL,NULL,90,NULL,90,percent of total billed charges,13.39,100,NULL,Cholesterol & Lipid Blood Test,Medica,Commercial (PPO/HMO)
mayo-clinic-arizona,Lipid Panel - Facility,PX-301000384,CDM,80061,CPT,301,RC,NULL,NULL,facility,outpatient,NULL,NULL,100,75,836_CENTRAL STATES,ALL PRODUCTS,NULL,NULL,75,NULL,75,percent of total billed charges,13.39,100,NULL,Cholesterol & Lipid Blood Test,Central States,Commercial (PPO/HMO)
mayo-clinic-arizona,Lipid Panel - Facility,PX-301000384,CDM,80061,CPT,301,RC,NULL,NULL,facility,outpatient,NULL,NULL,100,75,838_CIGNA,ALL PRODUCTS,NULL,NULL,75,NULL,75,percent of total billed charges,13.39,100,NULL,Cholesterol & Lipid Blood Test,Cigna,Commercial (PPO/HMO)
mayo-clinic-arizona,Lipid Panel - Facility,PX-301000384,CDM,80061,CPT,301,RC,NULL,NULL,facility,outpatient,NULL,NULL,100,75,875_BLUE CROSS BLUE SHIELD TRANSPLANT,SPECIALTY,NULL,NULL,75,NULL,75,percent of total billed charges,13.39,100,NULL,Cholesterol & Lipid Blood Test,Blue Cross Blue Shield,Transplant Plans
mayo-clinic-arizona,Lipid Panel - Facility,PX-301000384,CDM,80061,CPT,301,RC,NULL,NULL,facility,outpatient,NULL,NULL,100,75,1019_CIGNA,MISC. GOVERNMENT,NULL,NULL,69,NULL,69,percent of total billed charges,13.39,100,NULL,Cholesterol & Lipid Blood Test,Cigna,Misc. Government Plans
mayo-clinic-arizona,Lipid Panel - Facility,PX-301000384,CDM,80061,CPT,301,RC,NULL,NULL,facility,outpatient,NULL,NULL,100,75,1020_BLUE CROSS BLUE SHIELD FEDERAL RETIREE,MISC. GOVERNMENT,NULL,NULL,75,NULL,75,percent of total billed charges,13.39,100,NULL,Cholesterol & Lipid Blood Test,Blue Cross Blue Shield,Government Plan
mayo-clinic-arizona,Lipid Panel - Facility,PX-301000384,CDM,80061,CPT,301,RC,NULL,NULL,facility,outpatient,NULL,NULL,100,75,1021_AETNA GOVERNMENT EMPLOYEES HEALTH ASSOCIATION,ALL PRODUCTS,NULL,NULL,80,NULL,80,percent of total billed charges,13.39,100,NULL,Cholesterol & Lipid Blood Test,Aetna,Commercial (PPO/HMO)
mayo-clinic-arizona,Lipid Panel - Facility,PX-301000384,CDM,80061,CPT,301,RC,NULL,NULL,facility,outpatient,NULL,NULL,100,75,1119_AETNA,ALL PRODUCTS,NULL,NULL,90,NULL,90,percent of total billed charges,13.39,100,NULL,Cholesterol & Lipid Blood Test,Aetna,Commercial (PPO/HMO)
mayo-clinic-arizona,Lipid Panel - Facility,PX-301000384,CDM,80061,CPT,301,RC,NULL,NULL,facility,outpatient,NULL,NULL,100,75,1215_BLUE CROSS BLUE SHIELD EMERGENCY SERVICES,ALL PRODUCTS,NULL,NULL,100,NULL,100,percent of total billed charges,13.39,100,NULL,Cholesterol & Lipid Blood Test,Blue Cross Blue Shield,Commercial (PPO/HMO)
mayo-clinic-arizona,36415 Insertion of Needle Into Vein for Collection of Blood Sample Facility,PX-300000370,CDM,36415,CPT,300,RC,NULL,NULL,facility,outpatient,NULL,NULL,27,20.25,9_MEDICA,ALL PRODUCTS,NULL,NULL,95,NULL,25.65,percent of total billed charges,8.83,27,NULL,Blood Sample Collection,Medica,Commercial (PPO/HMO)
mayo-clinic-arizona,36415 Insertion of Needle Into Vein for Collection of Blood Sample Facility,PX-300000370,CDM,36415,CPT,300,RC,NULL,NULL,facility,outpatient,NULL,NULL,27,20.25,26_AETNA,ALL PRODUCTS,NULL,NULL,75,NULL,20.25,percent of total billed charges,8.83,27,NULL,Blood Sample Collection,Aetna,Commercial (PPO/HMO)
mayo-clinic-arizona,36415 Insertion of Needle Into Vein for Collection of Blood Sample Facility,PX-300000370,CDM,36415,CPT,300,RC,NULL,NULL,facility,outpatient,NULL,NULL,27,20.25,39_CIGNA,ALL PRODUCTS,NULL,NULL,69,NULL,18.63,percent of total billed charges,8.83,27,NULL,Blood Sample Collection,Cigna,Commercial (PPO/HMO)
mayo-clinic-arizona,36415 Insertion of Needle Into Vein for Collection of Blood Sample Facility,PX-300000370,CDM,36415,CPT,300,RC,NULL,NULL,facility,outpatient,NULL,NULL,27,20.25,53_CENTRAL STATES TRANSPLANT,SPECIALTY,NULL,NULL,75,NULL,20.25,percent of total billed charges,8.83,27,NULL,Blood Sample Collection,Central States,Transplant Plans
mayo-clinic-arizona,36415 Insertion of Needle Into Vein for Collection of Blood Sample Facility,PX-300000370,CDM,36415,CPT,300,RC,NULL,NULL,facility,outpatient,NULL,NULL,27,20.25,124_BLUE CROSS BLUE SHIELD,ALL PRODUCTS,NULL,NULL,NULL,NULL,27,other,8.83,27,Venipuncture,Blood Sample Collection,Blue Cross Blue Shield,Commercial (PPO/HMO)
mayo-clinic-arizona,36415 Insertion of Needle Into Vein for Collection of Blood Sample Facility,PX-300000370,CDM,36415,CPT,300,RC,NULL,NULL,facility,outpatient,NULL,NULL,27,20.25,675_AETNA,MEDICARE ADV.,NULL,8.83,NULL,NULL,8.83,fee schedule,8.83,27,NULL,Blood Sample Collection,Aetna,Medicare Advantage
mayo-clinic-arizona,36415 Insertion of Needle Into Vein for Collection of Blood Sample Facility,PX-300000370,CDM,36415,CPT,300,RC,NULL,NULL,facility,outpatient,NULL,NULL,27,20.25,675_BLUE CROSS BLUE SHIELD,MEDICARE ADV.,NULL,8.83,NULL,NULL,8.83,fee schedule,8.83,27,NULL,Blood Sample Collection,Blue Cross Blue Shield,Medicare Advantage Plans
mayo-clinic-arizona,36415 Insertion of Needle Into Vein for Collection of Blood Sample Facility,PX-300000370,CDM,36415,CPT,300,RC,NULL,NULL,facility,outpatient,NULL,NULL,27,20.25,675_CIGNA,MEDICARE ADV.,NULL,8.83,NULL,NULL,8.83,fee schedule,8.83,27,NULL,Blood Sample Collection,Cigna,Medicare Advantage Plans
mayo-clinic-arizona,36415 Insertion of Needle Into Vein for Collection of Blood Sample Facility,PX-300000370,CDM,36415,CPT,300,RC,NULL,NULL,facility,outpatient,NULL,NULL,27,20.25,694_KAISER PERMANENTE TRANSPLANT,SPECIALTY,NULL,NULL,75,NULL,20.25,percent of total billed charges,8.83,27,NULL,Blood Sample Collection,Kaiser Permanente,Transplant Plans
mayo-clinic-arizona,36415 Insertion of Needle Into Vein for Collection of Blood Sample Facility,PX-300000370,CDM,36415,CPT,300,RC,NULL,NULL,facility,outpatient,NULL,NULL,27,20.25,706_HEALTHSCOPE BENEFITS,ALL PRODUCTS,NULL,NULL,75,NULL,20.25,percent of total billed charges,8.83,27,NULL,Blood Sample Collection,Healthscope Benefits,Commercial (PPO/HMO)
mayo-clinic-arizona,36415 Insertion of Needle Into Vein for Collection of Blood Sample Facility,PX-300000370,CDM,36415,CPT,300,RC,NULL,NULL,facility,outpatient,NULL,NULL,27,20.25,754_MEDICA,ALL PRODUCTS,NULL,NULL,90,NULL,24.3,percent of total billed charges,8.83,27,NULL,Blood Sample Collection,Medica,Commercial (PPO/HMO)
mayo-clinic-arizona,36415 Insertion of Needle Into Vein for Collection of Blood Sample Facility,PX-300000370,CDM,36415,CPT,300,RC,NULL,NULL,facility,outpatient,NULL,NULL,27,20.25,836_CENTRAL STATES,ALL PRODUCTS,NULL,NULL,75,NULL,20.25,percent of total billed charges,8.83,27,NULL,Blood Sample Collection,Central States,Commercial (PPO/HMO)
mayo-clinic-arizona,36415 Insertion of Needle Into Vein for Collection of Blood Sample Facility,PX-300000370,CDM,36415,CPT,300,RC,NULL,NULL,facility,outpatient,NULL,NULL,27,20.25,838_CIGNA,ALL PRODUCTS,NULL,NULL,75,NULL,20.25,percent of total billed charges,8.83,27,NULL,Blood Sample Collection,Cigna,Commercial (PPO/HMO)
mayo-clinic-arizona,36415 Insertion of Needle Into Vein for Collection of Blood Sample Facility,PX-300000370,CDM,36415,CPT,300,RC,NULL,NULL,facility,outpatient,NULL,NULL,27,20.25,875_BLUE CROSS BLUE SHIELD TRANSPLANT,SPECIALTY,NULL,NULL,75,NULL,20.25,percent of total billed charges,8.83,27,NULL,Blood Sample Collection,Blue Cross Blue Shield,Transplant Plans
mayo-clinic-arizona,36415 Insertion of Needle Into Vein for Collection of Blood Sample Facility,PX-300000370,CDM,36415,CPT,300,RC,NULL,NULL,facility,outpatient,NULL,NULL,27,20.25,1019_CIGNA,MISC. GOVERNMENT,NULL,NULL,69,NULL,18.63,percent of total billed charges,8.83,27,NULL,Blood Sample Collection,Cigna,Misc. Government Plans
mayo-clinic-arizona,36415 Insertion of Needle Into Vein for Collection of Blood Sample Facility,PX-300000370,CDM,36415,CPT,300,RC,NULL,NULL,facility,outpatient,NULL,NULL,27,20.25,1020_BLUE CROSS BLUE SHIELD FEDERAL RETIREE,MISC. GOVERNMENT,NULL,NULL,75,NULL,20.25,percent of total billed charges,8.83,27,NULL,Blood Sample Collection,Blue Cross Blue Shield,Government Plan
mayo-clinic-arizona,36415 Insertion of Needle Into Vein for Collection of Blood Sample Facility,PX-300000370,CDM,36415,CPT,300,RC,NULL,NULL,facility,outpatient,NULL,NULL,27,20.25,1021_AETNA GOVERNMENT EMPLOYEES HEALTH ASSOCIATION,ALL PRODUCTS,NULL,NULL,80,NULL,21.6,percent of total billed charges,8.83,27,NULL,Blood Sample Collection,Aetna,Commercial (PPO/HMO)
mayo-clinic-arizona,36415 Insertion of Needle Into Vein for Collection of Blood Sample Facility,PX-300000370,CDM,36415,CPT,300,RC,NULL,NULL,facility,outpatient,NULL,NULL,27,20.25,1119_AETNA,ALL PRODUCTS,NULL,NULL,90,NULL,24.3,percent of total billed charges,8.83,27,NULL,Blood Sample Collection,Aetna,Commercial (PPO/HMO)
mayo-clinic-arizona,36415 Insertion of Needle Into Vein for Collection of Blood Sample Facility,PX-300000370,CDM,36415,CPT,300,RC,NULL,NULL,facility,outpatient,NULL,NULL,27,20.25,1215_BLUE CROSS BLUE SHIELD EMERGENCY SERVICES,ALL PRODUCTS,NULL,NULL,100,NULL,27,percent of total billed charges,8.83,27,NULL,Blood Sample Collection,Blue Cross Blue Shield,Commercial (PPO/HMO)
mayo-clinic-arizona,"71045 X-Ray of Chest, 1 View Facility",PX-324000010,CDM,71045,CPT,324,RC,NULL,NULL,facility,outpatient,NULL,NULL,145,108.75,1021_GEHA_AETNA,ALL PRODUCTS,NULL,NULL,80,NULL,116,percent of total billed charges,43.5,145,NULL,Chest X-Ray (1 View),Aetna,Commercial (PPO/HMO)
mayo-clinic-arizona,Complete Cbc & Auto Diff Wbc,PX-85025,CDM,85025,CPT,NULL,NULL,NULL,NULL,professional,outpatient,NULL,NULL,36,27,15_KAISER PERMANENTE TRANSPLANT,ALL PRODUCTS,NULL,NULL,95,NULL,34.2,percent of total billed charges,2.52,36,NULL,Complete Blood Count (CBC) with Differential,Kaiser Permanente,Commercial (PPO/HMO)
mayo-clinic-arizona,Lipid Panel,PX-80061,CDM,80061,CPT,NULL,NULL,NULL,NULL,professional,outpatient,NULL,NULL,100,75,968_AETNA GEHA,MEDICARE ADV.,NULL,NULL,80,NULL,80,percent of total billed charges,7,100,NULL,Cholesterol & Lipid Blood Test,Aetna,Medicare Advantage
mayo-clinic-arizona,Lipid Panel,PX-80061,CDM,80061,CPT,NULL,NULL,NULL,NULL,professional,outpatient,NULL,NULL,100,75,15_HEALTHSCOPE BENEFITS TRANSPLANT,ALL PRODUCTS,NULL,NULL,95,NULL,95,percent of total billed charges,7,100,NULL,Cholesterol & Lipid Blood Test,Healthscope Benefits,Commercial (PPO/HMO)
mayo-clinic-arizona,Lipid Panel - Facility,PX-301000384,CDM,80061,CPT,301,RC,NULL,NULL,facility,outpatient,NULL,NULL,100,75,1021_GEHA_AETNA,ALL PRODUCTS,NULL,NULL,80,NULL,80,percent of total billed charges,13.39,100,NULL,Cholesterol & Lipid Blood Test,Aetna,Commercial (PPO/HMO)
mayo-clinic-arizona,36415 Insertion of Needle Into Vein for Collection of Blood Sample,PX-36415,CDM,36415,CPT,300,RC,NULL,NULL,facility,outpatient,NULL,NULL,40,30,1019_CIGNA,MISC. GOVERNMENT,NULL,NULL,69,NULL,27.6,percent of total billed charges,8.83,40,NULL,Blood Sample Collection,Cigna,Misc. Government Plans
mayo-clinic-arizona,36415 Insertion of Needle Into Vein for Collection of Blood Sample,PX-36415,CDM,36415,CPT,NULL,NULL,NULL,NULL,professional,outpatient,NULL,NULL,27,20.25,968_AETNA GEHA,MEDICARE ADV.,NULL,NULL,80,NULL,21.6,percent of total billed charges,1.89,26.19,NULL,Blood Sample Collection,Aetna,Medicare Advantage
mayo-clinic-arizona,73718 MRI Scan of Leg Without Contrast,PX-73718,CDM,73718,CPT,NULL,NULL,NULL,NULL,professional,outpatient,NULL,NULL,1999,1499.25,15_KAISER PERMANENTE TRANSPLANT,ALL PRODUCTS,NULL,NULL,90,NULL,1799.1,percent of total billed charges,462,1799.1,NULL,"MRI Scan (Leg, No Contrast)",Kaiser Permanente,Commercial (PPO/HMO)
mayo-clinic-arizona,36415 Insertion of Needle Into Vein for Collection of Blood Sample,PX-36415,CDM,36415,CPT,300,RC,NULL,NULL,facility,outpatient,NULL,NULL,40,30,675_BLUE CROSS BLUE SHIELD,MEDICARE ADV.,NULL,8.83,NULL,NULL,8.83,fee schedule,8.83,40,NULL,Blood Sample Collection,Blue Cross Blue Shield,Medicare Advantage Plans
mayo-clinic-arizona,36415 Insertion of Needle Into Vein for Collection of Blood Sample,PX-36415,CDM,36415,CPT,300,RC,NULL,NULL,facility,outpatient,NULL,NULL,40,30,1021_GEHA_AETNA,ALL PRODUCTS,NULL,NULL,80,NULL,32,percent of total billed charges,8.83,40,NULL,Blood Sample Collection,Aetna,Commercial (PPO/HMO)
mayo-clinic-arizona,73718 MRI Scan of Leg Without Contrast,PX-73718,CDM,73718,CPT,NULL,NULL,NULL,NULL,professional,outpatient,NULL,NULL,1999,1499.25,15_KAISER PERMANENTE TRANSPLANT,ALL PRODUCTS,NULL,NULL,85,NULL,1699.15,percent of total billed charges,462,1799.1,NULL,"MRI Scan (Leg, No Contrast)",Kaiser Permanente,Commercial (PPO/HMO)
mayo-clinic-arizona,"Metabolic Panel,Comprehensive",PX-80053,CDM,80053,CPT,NULL,NULL,NULL,NULL,professional,outpatient,NULL,NULL,375,281.25,15_HEALTHSCOPE BENEFITS TRANSPLANT,ALL PRODUCTS,NULL,NULL,95,NULL,356.25,percent of total billed charges,10.56,375,NULL,Comprehensive Metabolic Blood Test,Healthscope Benefits,Commercial (PPO/HMO)
mayo-clinic-arizona,73718 MRI Scan of Leg Without Contrast,PX-73718,CDM,73718,CPT,NULL,NULL,NULL,NULL,professional,outpatient,NULL,NULL,1999,1499.25,15_KAISER PERMANENTE TRANSPLANT,ALL PRODUCTS,NULL,NULL,95,NULL,1899.05,percent of total billed charges,43.12,1999,NULL,"MRI Scan (Leg, No Contrast)",Kaiser Permanente,Commercial (PPO/HMO)
mayo-clinic-arizona,36415 Insertion of Needle Into Vein for Collection of Blood Sample,PX-36415,CDM,36415,CPT,300,RC,NULL,NULL,facility,outpatient,NULL,NULL,40,30,836_CENTRAL STATES,ALL PRODUCTS,NULL,NULL,75,NULL,30,percent of total billed charges,8.83,40,NULL,Blood Sample Collection,Central States,Commercial (PPO/HMO)
mayo-clinic-arizona,36415 Insertion of Needle Into Vein for Collection of Blood Sample,PX-36415,CDM,36415,CPT,300,RC,NULL,NULL,facility,outpatient,NULL,NULL,40,30,675_AETNA,MEDICARE ADV.,NULL,8.83,NULL,NULL,8.83,fee schedule,8.83,40,NULL,Blood Sample Collection,Aetna,Medicare Advantage
mayo-clinic-arizona,36415 Insertion of Needle Into Vein for Collection of Blood Sample,PX-36415,CDM,36415,CPT,NULL,NULL,NULL,NULL,professional,outpatient,NULL,NULL,27,20.25,15_KAISER PERMANENTE TRANSPLANT,ALL PRODUCTS,NULL,NULL,95,NULL,25.65,percent of total billed charges,1.89,26.19,NULL,Blood Sample Collection,Kaiser Permanente,Commercial (PPO/HMO)
mayo-clinic-arizona,Complete Cbc & Auto Diff Wbc,PX-85025,CDM,85025,CPT,NULL,NULL,NULL,NULL,professional,outpatient,NULL,NULL,36,27,968_AETNA GEHA,MEDICARE ADV.,NULL,NULL,80,NULL,28.8,percent of total billed charges,2.52,36,NULL,Complete Blood Count (CBC) with Differential,Aetna,Medicare Advantage
mayo-clinic-arizona,36415 Insertion of Needle Into Vein for Collection of Blood Sample,PX-36415,CDM,36415,CPT,NULL,NULL,NULL,NULL,professional,outpatient,NULL,NULL,27,20.25,15_HEALTHSCOPE BENEFITS TRANSPLANT,ALL PRODUCTS,NULL,NULL,95,NULL,25.65,percent of total billed charges,1.89,26.19,NULL,Blood Sample Collection,Healthscope Benefits,Commercial (PPO/HMO)
mayo-clinic-arizona,"71045 X-Ray of Chest, 1 View",PX-71045,CDM,71045,CPT,NULL,NULL,NULL,NULL,professional,outpatient,NULL,NULL,135,101.25,15_KAISER PERMANENTE TRANSPLANT,ALL PRODUCTS,NULL,NULL,95,NULL,128.25,percent of total billed charges,7,135,NULL,Chest X-Ray (1 View),Kaiser Permanente,Commercial (PPO/HMO)
mayo-clinic-arizona,93000 Routine Electrocardiogram (Ecg) Using at Least 12 Leads With Interpretation and Report Facility,PX-730000001,CDM,93000,CPT,730,RC,NULL,NULL,facility,outpatient,NULL,NULL,360,270,1021_GEHA_AETNA,ALL PRODUCTS,NULL,NULL,80,NULL,288,percent of total billed charges,13.79,360,NULL,ECG (Heart Test) with Report,Aetna,Commercial (PPO/HMO)
mayo-clinic-arizona,73718 MRI Scan of Leg Without Contrast,PX-73718,CDM,73718,CPT,NULL,NULL,NULL,NULL,professional,outpatient,NULL,NULL,1999,1499.25,15_HEALTHSCOPE BENEFITS TRANSPLANT,ALL PRODUCTS,NULL,NULL,95,NULL,1899.05,percent of total billed charges,43.12,1999,NULL,"MRI Scan (Leg, No Contrast)",Healthscope Benefits,Commercial (PPO/HMO)
mayo-clinic-arizona,93000 Routine Electrocardiogram (Ecg) Using at Least 12 Leads With Interpretation and Report Facility,PX-730000001,CDM,93000,CPT,730,RC,NULL,NULL,facility,outpatient,NULL,NULL,360,270,1215_BLUE CROSS BLUE SHIELD_EMERGENCY SERVICES,ALL PRODUCTS,NULL,NULL,100,NULL,360,percent of total billed charges,13.79,360,NULL,ECG (Heart Test) with Report,Blue Cross Blue Shield,Commercial (PPO/HMO)
mayo-clinic-arizona,36415 Insertion of Needle Into Vein for Collection of Blood Sample,PX-36415,CDM,36415,CPT,300,RC,NULL,NULL,facility,outpatient,NULL,NULL,40,30,754_MEDICA,ALL PRODUCTS,NULL,NULL,90,NULL,36,percent of total billed charges,8.83,40,NULL,Blood Sample Collection,Medica,Commercial (PPO/HMO)
mayo-clinic-arizona,36415 Insertion of Needle Into Vein for Collection of Blood Sample Facility,PX-300000370,CDM,36415,CPT,300,RC,NULL,NULL,facility,outpatient,NULL,NULL,27,20.25,1215_BLUE CROSS BLUE SHIELD_EMERGENCY SERVICES,ALL PRODUCTS,NULL,NULL,100,NULL,27,percent of total billed charges,8.1,27,NULL,Blood Sample Collection,Blue Cross Blue Shield,Commercial (PPO/HMO)
mayo-clinic-arizona,"Metabolic Panel,Comprehensive - Facility",PX-301000171,CDM,80053,CPT,301,RC,NULL,NULL,facility,outpatient,NULL,NULL,375,281.25,1021_GEHA_AETNA,ALL PRODUCTS,NULL,NULL,80,NULL,300,percent of total billed charges,10.56,375,NULL,Comprehensive Metabolic Blood Test,Aetna,Commercial (PPO/HMO)
mayo-clinic-arizona,93000 Routine Electrocardiogram (Ecg) Using at Least 12 Leads With Interpretation and Report,PX-93000,CDM,93000,CPT,NULL,NULL,NULL,NULL,professional,outpatient,NULL,NULL,100,75,968_AETNA GEHA,MEDICARE ADV.,NULL,14.02,NULL,NULL,14.02,fee schedule,7,100,NULL,ECG (Heart Test) with Report,Aetna,Medicare Advantage
mayo-clinic-arizona,"Metabolic Panel,Comprehensive",PX-80053,CDM,80053,CPT,NULL,NULL,NULL,NULL,professional,outpatient,NULL,NULL,375,281.25,15_KAISER PERMANENTE TRANSPLANT,ALL PRODUCTS,NULL,NULL,95,NULL,356.25,percent of total billed charges,10.56,375,NULL,Comprehensive Metabolic Blood Test,Kaiser Permanente,Commercial (PPO/HMO)
mayo-clinic-arizona,73718 MRI Scan of Leg Without Contrast,PX-73718,CDM,73718,CPT,NULL,NULL,NULL,NULL,professional,outpatient,NULL,NULL,1999,1499.25,15_HEALTHSCOPE BENEFITS TRANSPLANT,ALL PRODUCTS,NULL,NULL,80,NULL,1599.2,percent of total billed charges,462,1799.1,NULL,"MRI Scan (Leg, No Contrast)",Healthscope Benefits,Commercial (PPO/HMO)
mayo-clinic-arizona,73718 MRI Scan of Leg Without Contrast Facility,PX-614000019,CDM,73718,CPT,614,RC,NULL,NULL,facility,outpatient,NULL,NULL,1699,1274.25,1215_BLUE CROSS BLUE SHIELD_EMERGENCY SERVICES,ALL PRODUCTS,NULL,NULL,100,NULL,1699,percent of total billed charges,242.83,1699,NULL,"MRI Scan (Leg, No Contrast)",Blue Cross Blue Shield,Commercial (PPO/HMO)
mayo-clinic-arizona,Lipid Panel,PX-80061,CDM,80061,CPT,NULL,NULL,NULL,NULL,professional,outpatient,NULL,NULL,100,75,15_KAISER PERMANENTE TRANSPLANT,ALL PRODUCTS,NULL,NULL,95,NULL,95,percent of total billed charges,7,100,NULL,Cholesterol & Lipid Blood Test,Kaiser Permanente,Commercial (PPO/HMO)
mayo-clinic-arizona,"71045 X-Ray of Chest, 1 View",PX-71045,CDM,71045,CPT,NULL,NULL,NULL,NULL,professional,outpatient,NULL,NULL,135,101.25,968_AETNA GEHA,MEDICARE ADV.,NULL,25.06,NULL,NULL,25.06,fee schedule,7,135,NULL,Chest X-Ray (1 View),Aetna,Medicare Advantage
mayo-clinic-arizona,36415 Insertion of Needle Into Vein for Collection of Blood Sample,PX-36415,CDM,36415,CPT,300,RC,NULL,NULL,facility,outpatient,NULL,NULL,40,30,706_HEALTHSCOPE BENEFITS,ALL PRODUCTS,NULL,NULL,75,NULL,30,percent of total billed charges,8.83,40,NULL,Blood Sample Collection,Healthscope Benefits,Commercial (PPO/HMO)
mayo-clinic-arizona,36415 Insertion of Needle Into Vein for Collection of Blood Sample Facility,PX-300000370,CDM,36415,CPT,300,RC,NULL,NULL,facility,outpatient,NULL,NULL,27,20.25,1021_GEHA_AETNA,ALL PRODUCTS,NULL,NULL,80,NULL,21.6,percent of total billed charges,8.1,27,NULL,Blood Sample Collection,Aetna,Commercial (PPO/HMO)
mayo-clinic-arizona,36415 Insertion of Needle Into Vein for Collection of Blood Sample,PX-36415,CDM,36415,CPT,300,RC,NULL,NULL,facility,outpatient,NULL,NULL,40,30,124_BLUE CROSS BLUE SHIELD,ALL PRODUCTS,NULL,NULL,NULL,NULL,40,other,8.83,40,Venipuncture,Blood Sample Collection,Blue Cross Blue Shield,Commercial (PPO/HMO)
mayo-clinic-arizona,"Metabolic Panel,Comprehensive",PX-80053,CDM,80053,CPT,NULL,NULL,NULL,NULL,professional,outpatient,NULL,NULL,375,281.25,968_AETNA GEHA,MEDICARE ADV.,NULL,NULL,80,NULL,300,percent of total billed charges,10.56,375,NULL,Comprehensive Metabolic Blood Test,Aetna,Medicare Advantage
mayo-clinic-arizona,36415 Insertion of Needle Into Vein for Collection of Blood Sample,PX-36415,CDM,36415,CPT,300,RC,NULL,NULL,facility,outpatient,NULL,NULL,40,30,675_CIGNA,MEDICARE ADV.,NULL,8.83,NULL,NULL,8.83,fee schedule,8.83,40,NULL,Blood Sample Collection,Cigna,Medicare Advantage Plans
mayo-clinic-arizona,73718 MRI Scan of Leg Without Contrast,PX-73718,CDM,73718,CPT,NULL,NULL,NULL,NULL,professional,outpatient,NULL,NULL,1999,1499.25,15_HEALTHSCOPE BENEFITS TRANSPLANT,ALL PRODUCTS,NULL,NULL,85,NULL,1699.15,percent of total billed charges,462,1799.1,NULL,"MRI Scan (Leg, No Contrast)",Healthscope Benefits,Commercial (PPO/HMO)
mayo-clinic-arizona,36415 Insertion of Needle Into Vein for Collection of Blood Sample,PX-36415,CDM,36415,CPT,300,RC,NULL,NULL,facility,outpatient,NULL,NULL,40,30,39_CIGNA,ALL PRODUCTS,NULL,NULL,69,NULL,27.6,percent of total billed charges,8.83,40,NULL,Blood Sample Collection,Cigna,Commercial (PPO/HMO)
mayo-clinic-arizona,36415 Insertion of Needle Into Vein for Collection of Blood Sample,PX-36415,CDM,36415,CPT,300,RC,NULL,NULL,facility,outpatient,NULL,NULL,40,30,694_KAISER PERMANENTE TRANSPLANT,SPECIALTY,NULL,NULL,75,NULL,30,percent of total billed charges,8.83,40,NULL,Blood Sample Collection,Kaiser Permanente,Transplant Plans
mayo-clinic-arizona,36415 Insertion of Needle Into Vein for Collection of Blood Sample,PX-36415,CDM,36415,CPT,300,RC,NULL,NULL,facility,outpatient,NULL,NULL,40,30,26_AETNA,ALL PRODUCTS,NULL,NULL,75,NULL,30,percent of total billed charges,8.83,40,NULL,Blood Sample Collection,Aetna,Commercial (PPO/HMO)
mayo-clinic-arizona,Complete Cbc & Auto Diff Wbc,PX-85025,CDM,85025,CPT,NULL,NULL,NULL,NULL,professional,outpatient,NULL,NULL,36,27,15_HEALTHSCOPE BENEFITS TRANSPLANT,ALL PRODUCTS,NULL,NULL,95,NULL,34.2,percent of total billed charges,2.52,36,NULL,Complete Blood Count (CBC) with Differential,Healthscope Benefits,Commercial (PPO/HMO)
mayo-clinic-arizona,36415 Insertion of Needle Into Vein for Collection of Blood Sample,PX-36415,CDM,36415,CPT,300,RC,NULL,NULL,facility,outpatient,NULL,NULL,40,30,9_MEDICA,ALL PRODUCTS,NULL,NULL,95,NULL,38,percent of total billed charges,8.83,40,NULL,Blood Sample Collection,Medica,Commercial (PPO/HMO)
mayo-clinic-arizona,73718 MRI Scan of Leg Without Contrast,PX-73718,CDM,73718,CPT,NULL,NULL,NULL,NULL,professional,outpatient,NULL,NULL,1999,1499.25,15_HEALTHSCOPE BENEFITS TRANSPLANT,ALL PRODUCTS,NULL,NULL,90,NULL,1799.1,percent of total billed charges,462,1799.1,NULL,"MRI Scan (Leg, No Contrast)",Healthscope Benefits,Commercial (PPO/HMO)
mayo-clinic-arizona,36415 Insertion of Needle Into Vein for Collection of Blood Sample,PX-36415,CDM,36415,CPT,300,RC,NULL,NULL,facility,outpatient,NULL,NULL,40,30,1215_BLUE CROSS BLUE SHIELD_EMERGENCY SERVICES,ALL PRODUCTS,NULL,NULL,100,NULL,40,percent of total billed charges,8.83,40,NULL,Blood Sample Collection,Blue Cross Blue Shield,Commercial (PPO/HMO)
mayo-clinic-arizona,73718 MRI Scan of Leg Without Contrast Facility,PX-614000019,CDM,73718,CPT,614,RC,NULL,NULL,facility,outpatient,NULL,NULL,1699,1274.25,1021_GEHA_AETNA,ALL PRODUCTS,NULL,NULL,80,NULL,1359.2,percent of total billed charges,242.83,1699,NULL,"MRI Scan (Leg, No Contrast)",Aetna,Commercial (PPO/HMO)
mayo-clinic-arizona,36415 Insertion of Needle Into Vein for Collection of Blood Sample,PX-36415,CDM,36415,CPT,300,RC,NULL,NULL,facility,outpatient,NULL,NULL,40,30,875_BLUE CROSS BLUE SHIELD TRANSPLANT,SPECIALTY,NULL,NULL,75,NULL,30,percent of total billed charges,8.83,40,NULL,Blood Sample Collection,Blue Cross Blue Shield,Transplant Plans
mayo-clinic-arizona,73718 MRI Scan of Leg Without Contrast,PX-73718,CDM,73718,CPT,NULL,NULL,NULL,NULL,professional,outpatient,NULL,NULL,1999,1499.25,15_KAISER PERMANENTE TRANSPLANT,ALL PRODUCTS,NULL,NULL,75,NULL,1499.25,percent of total billed charges,462,1799.1,NULL,"MRI Scan (Leg, No Contrast)",Kaiser Permanente,Commercial (PPO/HMO)
mayo-clinic-arizona,36415 Insertion of Needle Into Vein for Collection of Blood Sample,PX-36415,CDM,36415,CPT,300,RC,NULL,NULL,facility,outpatient,NULL,NULL,40,30,838_CIGNA,ALL PRODUCTS,NULL,NULL,75,NULL,30,percent of total billed charges,8.83,40,NULL,Blood Sample Collection,Cigna,Commercial (PPO/HMO)
mayo-clinic-arizona,73718 MRI Scan of Leg Without Contrast,PX-73718,CDM,73718,CPT,NULL,NULL,NULL,NULL,professional,outpatient,NULL,NULL,1999,1499.25,15_KAISER PERMANENTE TRANSPLANT,ALL PRODUCTS,NULL,NULL,80,NULL,1599.2,percent of total billed charges,462,1799.1,NULL,"MRI Scan (Leg, No Contrast)",Kaiser Permanente,Commercial (PPO/HMO)
mayo-clinic-arizona,Lipid Panel - Facility,PX-301000384,CDM,80061,CPT,301,RC,NULL,NULL,facility,outpatient,NULL,NULL,100,75,1215_BLUE CROSS BLUE SHIELD_EMERGENCY SERVICES,ALL PRODUCTS,NULL,NULL,100,NULL,100,percent of total billed charges,13.39,100,NULL,Cholesterol & Lipid Blood Test,Blue Cross Blue Shield,Commercial (PPO/HMO)
mayo-clinic-arizona,36415 Insertion of Needle Into Vein for Collection of Blood Sample,PX-36415,CDM,36415,CPT,300,RC,NULL,NULL,facility,outpatient,NULL,NULL,40,30,53_CENTRAL STATES TRANSPLANT,SPECIALTY,NULL,NULL,75,NULL,30,percent of total billed charges,8.83,40,NULL,Blood Sample Collection,Central States,Transplant Plans
mayo-clinic-arizona,Complete Cbc & Auto Diff Wbc - Facility,PX-305000016,CDM,85025,CPT,305,RC,NULL,NULL,facility,outpatient,NULL,NULL,36,27,1215_BLUE CROSS BLUE SHIELD_EMERGENCY SERVICES,ALL PRODUCTS,NULL,NULL,100,NULL,36,percent of total billed charges,7.77,36,NULL,Complete Blood Count (CBC) with Differential,Blue Cross Blue Shield,Commercial (PPO/HMO)
mayo-clinic-arizona,36415 Insertion of Needle Into Vein for Collection of Blood Sample,PX-36415,CDM,36415,CPT,300,RC,NULL,NULL,facility,outpatient,NULL,NULL,40,30,1020_BLUE CROSS BLUE SHIELD FEDERAL RETIREE,MISC. GOVERNMENT,NULL,NULL,75,NULL,30,percent of total billed charges,8.83,40,NULL,Blood Sample Collection,Blue Cross Blue Shield,Government Plan
mayo-clinic-arizona,"71045 X-Ray of Chest, 1 View",PX-71045,CDM,71045,CPT,NULL,NULL,NULL,NULL,professional,outpatient,NULL,NULL,135,101.25,15_HEALTHSCOPE BENEFITS TRANSPLANT,ALL PRODUCTS,NULL,NULL,95,NULL,128.25,percent of total billed charges,7,135,NULL,Chest X-Ray (1 View),Healthscope Benefits,Commercial (PPO/HMO)
mayo-clinic-arizona,73718 MRI Scan of Leg Without Contrast,PX-73718,CDM,73718,CPT,NULL,NULL,NULL,NULL,professional,outpatient,NULL,NULL,1999,1499.25,15_HEALTHSCOPE BENEFITS TRANSPLANT,ALL PRODUCTS,NULL,NULL,75,NULL,1499.25,percent of total billed charges,462,1799.1,NULL,"MRI Scan (Leg, No Contrast)",Healthscope Benefits,Commercial (PPO/HMO)
mayo-clinic-arizona,93000 Routine Electrocardiogram (Ecg) Using at Least 12 Leads With Interpretation and Report,PX-93000,CDM,93000,CPT,NULL,NULL,NULL,NULL,professional,outpatient,NULL,NULL,100,75,15_KAISER PERMANENTE TRANSPLANT,ALL PRODUCTS,NULL,NULL,95,NULL,95,percent of total billed charges,7,100,NULL,ECG (Heart Test) with Report,Kaiser Permanente,Commercial (PPO/HMO)
mayo-clinic-arizona,93000 Routine Electrocardiogram (Ecg) Using at Least 12 Leads With Interpretation and Report,PX-93000,CDM,93000,CPT,NULL,NULL,NULL,NULL,professional,outpatient,NULL,NULL,100,75,15_HEALTHSCOPE BENEFITS TRANSPLANT,ALL PRODUCTS,NULL,NULL,95,NULL,95,percent of total billed charges,7,100,NULL,ECG (Heart Test) with Report,Healthscope Benefits,Commercial (PPO/HMO)
mayo-clinic-arizona,36415 Insertion of Needle Into Vein for Collection of Blood Sample,PX-36415,CDM,36415,CPT,300,RC,NULL,NULL,facility,outpatient,NULL,NULL,40,30,1119_AETNA,ALL PRODUCTS,NULL,NULL,90,NULL,36,percent of total billed charges,8.83,40,NULL,Blood Sample Collection,Aetna,Commercial (PPO/HMO)
mayo-clinic-arizona,Complete Cbc & Auto Diff Wbc - Facility,PX-305000016,CDM,85025,CPT,305,RC,NULL,NULL,facility,outpatient,NULL,NULL,36,27,1021_GEHA_AETNA,ALL PRODUCTS,NULL,NULL,80,NULL,28.8,percent of total billed charges,7.77,36,NULL,Complete Blood Count (CBC) with Differential,Aetna,Commercial (PPO/HMO)
mayo-clinic-arizona,73718 MRI Scan of Leg Without Contrast,PX-73718,CDM,73718,CPT,NULL,NULL,NULL,NULL,professional,outpatient,NULL,NULL,1999,1499.25,968_AETNA GEHA,MEDICARE ADV.,NULL,224.38,NULL,NULL,224.38,fee schedule,43.12,1999,NULL,"MRI Scan (Leg, No Contrast)",Aetna,Medicare Advantage
mayo-clinic-arizona,"71045 X-Ray of Chest, 1 View Facility",PX-324000010,CDM,71045,CPT,324,RC,NULL,NULL,facility,outpatient,NULL,NULL,145,108.75,1215_BLUE CROSS BLUE SHIELD_EMERGENCY SERVICES,ALL PRODUCTS,NULL,NULL,100,NULL,145,percent of total billed charges,43.5,145,NULL,Chest X-Ray (1 View),Blue Cross Blue Shield,Commercial (PPO/HMO)
mayo-clinic-arizona,"Metabolic Panel,Comprehensive - Facility",PX-301000171,CDM,80053,CPT,301,RC,NULL,NULL,facility,outpatient,NULL,NULL,375,281.25,1215_BLUE CROSS BLUE SHIELD_EMERGENCY SERVICES,ALL PRODUCTS,NULL,NULL,100,NULL,375,percent of total billed charges,10.56,375,NULL,Comprehensive Metabolic Blood Test,Blue Cross Blue Shield,Commercial (PPO/HMO)
UCLA Ronald Regan,HB CBC & PLATELET CT & DIFF,3058502500,CDM,85025,CPT/HCPCS Code,48,Internal Code,305,Revenue Code,NULL,outpatient,NULL,NULL,120,66,Aetna,All Products,NULL,81.6,68,NULL,NULL,percent of total billed charges,0.01,120,NULL,Complete Blood Count (CBC) with Platelets,Aetna,Commercial (PPO/HMO)
UCLA Ronald Regan,HB CBC & PLATELET CT & DIFF,3058502500,CDM,85025,CPT/HCPCS Code,48,Internal Code,305,Revenue Code,NULL,outpatient,NULL,NULL,120,66,Blue Shield,EPN,NULL,71.16,59,NULL,NULL,percent of total billed charges,0.01,120,NULL,Complete Blood Count (CBC) with Platelets,Blue Cross Blue Shield,EPN
UCLA Ronald Regan,HB CBC & PLATELET CT & DIFF,3058502500,CDM,85025,CPT/HCPCS Code,48,Internal Code,305,Revenue Code,NULL,outpatient,NULL,NULL,120,66,Blue Shield,All Products,NULL,94.8,79,NULL,NULL,percent of total billed charges,0.01,120,NULL,Complete Blood Count (CBC) with Platelets,Blue Cross Blue Shield,Commercial (PPO/HMO)
UCLA Ronald Regan,HB CBC & PLATELET CT & DIFF,3058502500,CDM,85025,CPT/HCPCS Code,48,Internal Code,305,Revenue Code,NULL,outpatient,NULL,NULL,120,66,Aetna,Transplant,NULL,0.01,100,NULL,NULL,other,0.01,120,NULL,Complete Blood Count (CBC) with Platelets,Aetna,Transplant Program
UCLA Ronald Regan,HB CBC & PLATELET CT & DIFF,3058502500,CDM,85025,CPT/HCPCS Code,48,Internal Code,305,Revenue Code,NULL,outpatient,NULL,NULL,120,66,Cigna,HMO,NULL,90.32,75,NULL,NULL,percent of total billed charges,0.01,120,NULL,Complete Blood Count (CBC) with Platelets,Cigna,Commercial (PPO/HMO)
UCLA Ronald Regan,HB CBC & PLATELET CT & DIFF,3058502500,CDM,85025,CPT/HCPCS Code,48,Internal Code,305,Revenue Code,NULL,outpatient,NULL,NULL,120,66,Kaiser,All Products,NULL,70.56,59,NULL,NULL,percent of total billed charges,0.01,120,NULL,Complete Blood Count (CBC) with Platelets,Kaiser Permanente,Commercial (PPO/HMO)
UCLA Ronald Regan,HB CBC & PLATELET CT & DIFF,3058502500,CDM,85025,CPT/HCPCS Code,48,Internal Code,305,Revenue Code,NULL,outpatient,NULL,NULL,120,66,Cigna,PPO,NULL,90.32,75,NULL,NULL,percent of total billed charges,0.01,120,NULL,Complete Blood Count (CBC) with Platelets,Cigna,Commercial (PPO/HMO)
UCLA Ronald Regan,HB CBC & PLATELET CT & DIFF,3058502500,CDM,85025,CPT/HCPCS Code,48,Internal Code,305,Revenue Code,NULL,outpatient,NULL,NULL,120,66,Aetna Medicare,Medicare,NULL,7.77,100,NULL,NULL,fee schedule,0.01,120,NULL,Complete Blood Count (CBC) with Platelets,Aetna,Medicare Advantage
UCLA Ronald Regan,HB CBC & PLATELET CT & DIFF,3058502500,CDM,85025,CPT/HCPCS Code,48,Internal Code,305,Revenue Code,NULL,outpatient,NULL,NULL,120,66,Blue Shield,Medicare Advantage,NULL,7.77,100,NULL,NULL,fee schedule,0.01,120,NULL,Complete Blood Count (CBC) with Platelets,Blue Cross Blue Shield,Medicare Advantage Plans
UCLA Ronald Regan,HB CBC & PLATELET CT & DIFF,3058502500,CDM,85025,CPT/HCPCS Code,48,Internal Code,305,Revenue Code,NULL,outpatient,NULL,NULL,120,66,Kaiser,Medicare,NULL,63.6,53,NULL,NULL,percent of total billed charges,0.01,120,NULL,Complete Blood Count (CBC) with Platelets,Kaiser Permanente,Medicare Advantage Plans
UCLA Ronald Regan,HB CBC & PLATELET CT & DIFF,3058502500,CDM,85025,CPT/HCPCS Code,48,Internal Code,305,Revenue Code,NULL,outpatient,NULL,NULL,120,66,Kaiser,All Products,NULL,64.44,54,NULL,NULL,percent of total billed charges,0.01,120,NULL,Complete Blood Count (CBC) with Platelets,Kaiser Permanente,Commercial (PPO/HMO)
UCLA Ronald Regan,HB METABOLIC PANEL COMPREHENSV,3018005300,CDM,80053,CPT/HCPCS Code,48,Internal Code,301,Revenue Code,NULL,outpatient,NULL,NULL,330,181.5,Aetna,All Products,NULL,224.4,68,NULL,NULL,percent of total billed charges,0.01,330,NULL,Comprehensive Metabolic Blood Test,Aetna,Commercial (PPO/HMO)
UCLA Ronald Regan,HB METABOLIC PANEL COMPREHENSV,3018005300,CDM,80053,CPT/HCPCS Code,48,Internal Code,301,Revenue Code,NULL,outpatient,NULL,NULL,330,181.5,Blue Shield,EPN,NULL,195.69,59,NULL,NULL,percent of total billed charges,0.01,330,NULL,Comprehensive Metabolic Blood Test,Blue Cross Blue Shield,EPN
UCLA Ronald Regan,HB METABOLIC PANEL COMPREHENSV,3018005300,CDM,80053,CPT/HCPCS Code,48,Internal Code,301,Revenue Code,NULL,outpatient,NULL,NULL,330,181.5,Blue Shield,All Products,NULL,260.7,79,NULL,NULL,percent of total billed charges,0.01,330,NULL,Comprehensive Metabolic Blood Test,Blue Cross Blue Shield,Commercial (PPO/HMO)
UCLA Ronald Regan,HB METABOLIC PANEL COMPREHENSV,3018005300,CDM,80053,CPT/HCPCS Code,48,Internal Code,301,Revenue Code,NULL,outpatient,NULL,NULL,330,181.5,Aetna,Transplant,NULL,0.01,100,NULL,NULL,other,0.01,330,NULL,Comprehensive Metabolic Blood Test,Aetna,Transplant Program
UCLA Ronald Regan,HB METABOLIC PANEL COMPREHENSV,3018005300,CDM,80053,CPT/HCPCS Code,48,Internal Code,301,Revenue Code,NULL,outpatient,NULL,NULL,330,181.5,Kaiser,All Products,NULL,194.04,59,NULL,NULL,percent of total billed charges,0.01,330,NULL,Comprehensive Metabolic Blood Test,Kaiser Permanente,Commercial (PPO/HMO)
UCLA Ronald Regan,HB METABOLIC PANEL COMPREHENSV,3018005300,CDM,80053,CPT/HCPCS Code,48,Internal Code,301,Revenue Code,NULL,outpatient,NULL,NULL,330,181.5,Cigna,HMO,NULL,248.39,75,NULL,NULL,percent of total billed charges,0.01,330,NULL,Comprehensive Metabolic Blood Test,Cigna,Commercial (PPO/HMO)
UCLA Ronald Regan,HB METABOLIC PANEL COMPREHENSV,3018005300,CDM,80053,CPT/HCPCS Code,48,Internal Code,301,Revenue Code,NULL,outpatient,NULL,NULL,330,181.5,Cigna,PPO,NULL,248.39,75,NULL,NULL,percent of total billed charges,0.01,330,NULL,Comprehensive Metabolic Blood Test,Cigna,Commercial (PPO/HMO)
UCLA Ronald Regan,HB METABOLIC PANEL COMPREHENSV,3018005300,CDM,80053,CPT/HCPCS Code,48,Internal Code,301,Revenue Code,NULL,outpatient,NULL,NULL,330,181.5,Aetna Medicare,Medicare,NULL,10.56,100,NULL,NULL,fee schedule,0.01,330,NULL,Comprehensive Metabolic Blood Test,Aetna,Medicare Advantage
UCLA Ronald Regan,HB METABOLIC PANEL COMPREHENSV,3018005300,CDM,80053,CPT/HCPCS Code,48,Internal Code,301,Revenue Code,NULL,outpatient,NULL,NULL,330,181.5,Kaiser,Medicare,NULL,174.9,53,NULL,NULL,percent of total billed charges,0.01,330,NULL,Comprehensive Metabolic Blood Test,Kaiser Permanente,Medicare Advantage Plans
UCLA Ronald Regan,HB METABOLIC PANEL COMPREHENSV,3018005300,CDM,80053,CPT/HCPCS Code,48,Internal Code,301,Revenue Code,NULL,outpatient,NULL,NULL,330,181.5,Kaiser,All Products,NULL,177.21,54,NULL,NULL,percent of total billed charges,0.01,330,NULL,Comprehensive Metabolic Blood Test,Kaiser Permanente,Commercial (PPO/HMO)
UCLA Ronald Regan,HB METABOLIC PANEL COMPREHENSV,3018005300,CDM,80053,CPT/HCPCS Code,48,Internal Code,301,Revenue Code,NULL,outpatient,NULL,NULL,330,181.5,Blue Shield,Medicare Advantage,NULL,10.56,100,NULL,NULL,fee schedule,0.01,330,NULL,Comprehensive Metabolic Blood Test,Blue Cross Blue Shield,Medicare Advantage Plans
UCLA Ronald Regan,HB CHEST SINGLE VIEW,3247104500,CDM,71045,CPT/HCPCS Code,1000,Internal Code,324,Revenue Code,NULL,outpatient,NULL,NULL,350,192.5,Cigna,HMO,NULL,263.45,75,NULL,NULL,percent of total billed charges,0.01,304.28,NULL,Chest X-Ray (1 View),Cigna,Commercial (PPO/HMO)
UCLA Ronald Regan,HB CHEST SINGLE VIEW,3247104500,CDM,71045,CPT/HCPCS Code,1000,Internal Code,324,Revenue Code,NULL,outpatient,NULL,NULL,350,192.5,Kaiser,All Products,NULL,205.8,59,NULL,NULL,percent of total billed charges,0.01,304.28,NULL,Chest X-Ray (1 View),Kaiser Permanente,Commercial (PPO/HMO)
UCLA Ronald Regan,HB CHEST SINGLE VIEW,3247104500,CDM,71045,CPT/HCPCS Code,1000,Internal Code,324,Revenue Code,NULL,outpatient,NULL,NULL,350,192.5,Aetna,All Products,NULL,238,68,NULL,NULL,percent of total billed charges,0.01,304.28,NULL,Chest X-Ray (1 View),Aetna,Commercial (PPO/HMO)
UCLA Ronald Regan,HB CHEST SINGLE VIEW,3247104500,CDM,71045,CPT/HCPCS Code,1000,Internal Code,324,Revenue Code,NULL,outpatient,NULL,NULL,350,192.5,Blue Shield,EPN,NULL,206.15,59,NULL,NULL,percent of total billed charges,0.01,304.28,NULL,Chest X-Ray (1 View),Blue Cross Blue Shield,EPN
UCLA Ronald Regan,HB CHEST SINGLE VIEW,3247104500,CDM,71045,CPT/HCPCS Code,1000,Internal Code,324,Revenue Code,NULL,outpatient,NULL,NULL,350,192.5,Blue Shield,All Products,NULL,275.45,79,NULL,NULL,percent of total billed charges,0.01,304.28,NULL,Chest X-Ray (1 View),Blue Cross Blue Shield,Commercial (PPO/HMO)
UCLA Ronald Regan,HB CHEST SINGLE VIEW,3247104500,CDM,71045,CPT/HCPCS Code,1000,Internal Code,324,Revenue Code,NULL,outpatient,NULL,NULL,350,192.5,Kaiser,Medicare,NULL,185.5,53,NULL,NULL,percent of total billed charges,0.01,304.28,NULL,Chest X-Ray (1 View),Kaiser Permanente,Medicare Advantage Plans
UCLA Ronald Regan,HB CHEST SINGLE VIEW,3247104500,CDM,71045,CPT/HCPCS Code,1000,Internal Code,324,Revenue Code,NULL,outpatient,NULL,NULL,350,192.5,Kaiser,All Products,NULL,187.95,54,NULL,NULL,percent of total billed charges,0.01,304.28,NULL,Chest X-Ray (1 View),Kaiser Permanente,Commercial (PPO/HMO)
UCLA Ronald Regan,HB CHEST SINGLE VIEW,3247104500,CDM,71045,CPT/HCPCS Code,1000,Internal Code,324,Revenue Code,NULL,outpatient,NULL,NULL,350,192.5,Blue Shield,Medicare Advantage,NULL,111.88,100,NULL,NULL,fee schedule,0.01,304.28,NULL,Chest X-Ray (1 View),Blue Cross Blue Shield,Medicare Advantage Plans
UCLA Ronald Regan,HB CHEST SINGLE VIEW,3247104500,CDM,71045,CPT/HCPCS Code,1000,Internal Code,324,Revenue Code,NULL,outpatient,NULL,NULL,350,192.5,Cigna,PPO,NULL,263.45,75,NULL,NULL,percent of total billed charges,0.01,304.28,NULL,Chest X-Ray (1 View),Cigna,Commercial (PPO/HMO)
UCLA Ronald Regan,HB CHEST SINGLE VIEW,3247104500,CDM,71045,CPT/HCPCS Code,1000,Internal Code,324,Revenue Code,NULL,outpatient,NULL,NULL,350,192.5,Aetna Medicare,Medicare,NULL,113.54,100,NULL,NULL,fee schedule,0.01,304.28,NULL,Chest X-Ray (1 View),Aetna,Medicare Advantage
UCLA Ronald Regan,HB CHEST SINGLE VIEW,3247104500,CDM,71045,CPT/HCPCS Code,1000,Internal Code,324,Revenue Code,NULL,outpatient,NULL,NULL,350,192.5,Aetna,Transplant,NULL,0.01,100,NULL,NULL,other,0.01,304.28,NULL,Chest X-Ray (1 View),Aetna,Transplant Program
UCLA Ronald Regan,HB CHEST 2 VIEWS,3247104600,CDM,71046,CPT/HCPCS Code,1000,Internal Code,324,Revenue Code,NULL,outpatient,NULL,NULL,400,220,Aetna,Transplant,NULL,0.01,100,NULL,NULL,other,0.01,340,NULL,Chest X-Ray (2 Views),Aetna,Transplant Program
UCLA Ronald Regan,HB CHEST 2 VIEWS,3247104600,CDM,71046,CPT/HCPCS Code,1000,Internal Code,324,Revenue Code,NULL,outpatient,NULL,NULL,400,220,Kaiser,All Products,NULL,235.2,59,NULL,NULL,percent of total billed charges,0.01,340,NULL,Chest X-Ray (2 Views),Kaiser Permanente,Commercial (PPO/HMO)
UCLA Ronald Regan,HB CHEST 2 VIEWS,3247104600,CDM,71046,CPT/HCPCS Code,1000,Internal Code,324,Revenue Code,NULL,outpatient,NULL,NULL,400,220,Cigna,HMO,NULL,301.08,75,NULL,NULL,percent of total billed charges,0.01,340,NULL,Chest X-Ray (2 Views),Cigna,Commercial (PPO/HMO)
UCLA Ronald Regan,HB CHEST 2 VIEWS,3247104600,CDM,71046,CPT/HCPCS Code,1000,Internal Code,324,Revenue Code,NULL,outpatient,NULL,NULL,400,220,Kaiser,All Products,NULL,214.8,54,NULL,NULL,percent of total billed charges,0.01,340,NULL,Chest X-Ray (2 Views),Kaiser Permanente,Commercial (PPO/HMO)
UCLA Ronald Regan,HB CHEST 2 VIEWS,3247104600,CDM,71046,CPT/HCPCS Code,1000,Internal Code,324,Revenue Code,NULL,outpatient,NULL,NULL,400,220,Cigna,PPO,NULL,301.08,75,NULL,NULL,percent of total billed charges,0.01,340,NULL,Chest X-Ray (2 Views),Cigna,Commercial (PPO/HMO)
UCLA Ronald Regan,HB CHEST 2 VIEWS,3247104600,CDM,71046,CPT/HCPCS Code,1000,Internal Code,324,Revenue Code,NULL,outpatient,NULL,NULL,400,220,Aetna Medicare,Medicare,NULL,113.54,100,NULL,NULL,fee schedule,0.01,340,NULL,Chest X-Ray (2 Views),Aetna,Medicare Advantage
UCLA Ronald Regan,HB CHEST 2 VIEWS,3247104600,CDM,71046,CPT/HCPCS Code,1000,Internal Code,324,Revenue Code,NULL,outpatient,NULL,NULL,400,220,Blue Shield,Medicare Advantage,NULL,111.88,100,NULL,NULL,fee schedule,0.01,340,NULL,Chest X-Ray (2 Views),Blue Cross Blue Shield,Medicare Advantage Plans
UCLA Ronald Regan,HB CHEST 2 VIEWS,3247104600,CDM,71046,CPT/HCPCS Code,1000,Internal Code,324,Revenue Code,NULL,outpatient,NULL,NULL,400,220,Aetna,All Products,NULL,272,68,NULL,NULL,percent of total billed charges,0.01,340,NULL,Chest X-Ray (2 Views),Aetna,Commercial (PPO/HMO)
UCLA Ronald Regan,HB CHEST 2 VIEWS,3247104600,CDM,71046,CPT/HCPCS Code,1000,Internal Code,324,Revenue Code,NULL,outpatient,NULL,NULL,400,220,Blue Shield,EPN,NULL,235.6,59,NULL,NULL,percent of total billed charges,0.01,340,NULL,Chest X-Ray (2 Views),Blue Cross Blue Shield,EPN
UCLA Ronald Regan,HB CHEST 2 VIEWS,3247104600,CDM,71046,CPT/HCPCS Code,1000,Internal Code,324,Revenue Code,NULL,outpatient,NULL,NULL,400,220,Blue Shield,All Products,NULL,314.8,79,NULL,NULL,percent of total billed charges,0.01,340,NULL,Chest X-Ray (2 Views),Blue Cross Blue Shield,Commercial (PPO/HMO)
UCLA Ronald Regan,HB CHEST 2 VIEWS,3247104600,CDM,71046,CPT/HCPCS Code,1000,Internal Code,324,Revenue Code,NULL,outpatient,NULL,NULL,400,220,Kaiser,Medicare,NULL,212,53,NULL,NULL,percent of total billed charges,0.01,340,NULL,Chest X-Ray (2 Views),Kaiser Permanente,Medicare Advantage Plans
UCLA Ronald Regan,HB METABOLIC PANEL BASIC,3018004800,CDM,80048,CPT/HCPCS Code,48,Internal Code,301,Revenue Code,NULL,outpatient,NULL,NULL,200,110,Aetna,All Products,NULL,136,68,NULL,NULL,percent of total billed charges,0.01,200,NULL,Basic Metabolic Blood Test,Aetna,Commercial (PPO/HMO)
UCLA Ronald Regan,HB METABOLIC PANEL BASIC,3018004800,CDM,80048,CPT/HCPCS Code,48,Internal Code,301,Revenue Code,NULL,outpatient,NULL,NULL,200,110,Blue Shield,EPN,NULL,118.6,59,NULL,NULL,percent of total billed charges,0.01,200,NULL,Basic Metabolic Blood Test,Blue Cross Blue Shield,EPN
UCLA Ronald Regan,HB METABOLIC PANEL BASIC,3018004800,CDM,80048,CPT/HCPCS Code,48,Internal Code,301,Revenue Code,NULL,outpatient,NULL,NULL,200,110,Blue Shield,All Products,NULL,158,79,NULL,NULL,percent of total billed charges,0.01,200,NULL,Basic Metabolic Blood Test,Blue Cross Blue Shield,Commercial (PPO/HMO)
UCLA Ronald Regan,HB METABOLIC PANEL BASIC,3018004800,CDM,80048,CPT/HCPCS Code,48,Internal Code,301,Revenue Code,NULL,outpatient,NULL,NULL,200,110,Kaiser,All Products,NULL,117.6,59,NULL,NULL,percent of total billed charges,0.01,200,NULL,Basic Metabolic Blood Test,Kaiser Permanente,Commercial (PPO/HMO)
UCLA Ronald Regan,HB METABOLIC PANEL BASIC,3018004800,CDM,80048,CPT/HCPCS Code,48,Internal Code,301,Revenue Code,NULL,outpatient,NULL,NULL,200,110,Cigna,HMO,NULL,150.54,75,NULL,NULL,percent of total billed charges,0.01,200,NULL,Basic Metabolic Blood Test,Cigna,Commercial (PPO/HMO)
UCLA Ronald Regan,HB METABOLIC PANEL BASIC,3018004800,CDM,80048,CPT/HCPCS Code,48,Internal Code,301,Revenue Code,NULL,outpatient,NULL,NULL,200,110,Cigna,PPO,NULL,150.54,75,NULL,NULL,percent of total billed charges,0.01,200,NULL,Basic Metabolic Blood Test,Cigna,Commercial (PPO/HMO)
UCLA Ronald Regan,HB METABOLIC PANEL BASIC,3018004800,CDM,80048,CPT/HCPCS Code,48,Internal Code,301,Revenue Code,NULL,outpatient,NULL,NULL,200,110,Aetna Medicare,Medicare,NULL,8.46,100,NULL,NULL,fee schedule,0.01,200,NULL,Basic Metabolic Blood Test,Aetna,Medicare Advantage
UCLA Ronald Regan,HB METABOLIC PANEL BASIC,3018004800,CDM,80048,CPT/HCPCS Code,48,Internal Code,301,Revenue Code,NULL,outpatient,NULL,NULL,200,110,Aetna,Transplant,NULL,0.01,100,NULL,NULL,other,0.01,200,NULL,Basic Metabolic Blood Test,Aetna,Transplant Program
UCLA Ronald Regan,HB METABOLIC PANEL BASIC,3018004800,CDM,80048,CPT/HCPCS Code,48,Internal Code,301,Revenue Code,NULL,outpatient,NULL,NULL,200,110,Kaiser,Medicare,NULL,106,53,NULL,NULL,percent of total billed charges,0.01,200,NULL,Basic Metabolic Blood Test,Kaiser Permanente,Medicare Advantage Plans
UCLA Ronald Regan,HB METABOLIC PANEL BASIC,3018004800,CDM,80048,CPT/HCPCS Code,48,Internal Code,301,Revenue Code,NULL,outpatient,NULL,NULL,200,110,Blue Shield,Medicare Advantage,NULL,8.46,100,NULL,NULL,fee schedule,0.01,200,NULL,Basic Metabolic Blood Test,Blue Cross Blue Shield,Medicare Advantage Plans
UCLA Ronald Regan,HB METABOLIC PANEL BASIC,3018004800,CDM,80048,CPT/HCPCS Code,48,Internal Code,301,Revenue Code,NULL,outpatient,NULL,NULL,200,110,Kaiser,All Products,NULL,107.4,54,NULL,NULL,percent of total billed charges,0.01,200,NULL,Basic Metabolic Blood Test,Kaiser Permanente,Commercial (PPO/HMO)
UCLA Ronald Regan,HB LIPID PANEL,3018006100,CDM,80061,CPT/HCPCS Code,48,Internal Code,301,Revenue Code,NULL,outpatient,NULL,NULL,130,71.5,Aetna,All Products,NULL,88.4,68,NULL,NULL,percent of total billed charges,0.01,130,NULL,Cholesterol & Lipid Blood Test,Aetna,Commercial (PPO/HMO)
UCLA Ronald Regan,HB LIPID PANEL,3018006100,CDM,80061,CPT/HCPCS Code,48,Internal Code,301,Revenue Code,NULL,outpatient,NULL,NULL,130,71.5,Blue Shield,EPN,NULL,77.09,59,NULL,NULL,percent of total billed charges,0.01,130,NULL,Cholesterol & Lipid Blood Test,Blue Cross Blue Shield,EPN
UCLA Ronald Regan,HB LIPID PANEL,3018006100,CDM,80061,CPT/HCPCS Code,48,Internal Code,301,Revenue Code,NULL,outpatient,NULL,NULL,130,71.5,Blue Shield,All Products,NULL,102.7,79,NULL,NULL,percent of total billed charges,0.01,130,NULL,Cholesterol & Lipid Blood Test,Blue Cross Blue Shield,Commercial (PPO/HMO)
UCLA Ronald Regan,HB LIPID PANEL,3018006100,CDM,80061,CPT/HCPCS Code,48,Internal Code,301,Revenue Code,NULL,outpatient,NULL,NULL,130,71.5,Cigna,HMO,NULL,97.85,75,NULL,NULL,percent of total billed charges,0.01,130,NULL,Cholesterol & Lipid Blood Test,Cigna,Commercial (PPO/HMO)
UCLA Ronald Regan,HB LIPID PANEL,3018006100,CDM,80061,CPT/HCPCS Code,48,Internal Code,301,Revenue Code,NULL,outpatient,NULL,NULL,130,71.5,Aetna,Transplant,NULL,0.01,100,NULL,NULL,other,0.01,130,NULL,Cholesterol & Lipid Blood Test,Aetna,Transplant Program
UCLA Ronald Regan,HB LIPID PANEL,3018006100,CDM,80061,CPT/HCPCS Code,48,Internal Code,301,Revenue Code,NULL,outpatient,NULL,NULL,130,71.5,Kaiser,All Products,NULL,76.44,59,NULL,NULL,percent of total billed charges,0.01,130,NULL,Cholesterol & Lipid Blood Test,Kaiser Permanente,Commercial (PPO/HMO)
UCLA Ronald Regan,HB LIPID PANEL,3018006100,CDM,80061,CPT/HCPCS Code,48,Internal Code,301,Revenue Code,NULL,outpatient,NULL,NULL,130,71.5,Blue Shield,Medicare Advantage,NULL,13.39,100,NULL,NULL,fee schedule,0.01,130,NULL,Cholesterol & Lipid Blood Test,Blue Cross Blue Shield,Medicare Advantage Plans
UCLA Ronald Regan,HB LIPID PANEL,3018006100,CDM,80061,CPT/HCPCS Code,48,Internal Code,301,Revenue Code,NULL,outpatient,NULL,NULL,130,71.5,Kaiser,All Products,NULL,69.81,54,NULL,NULL,percent of total billed charges,0.01,130,NULL,Cholesterol & Lipid Blood Test,Kaiser Permanente,Commercial (PPO/HMO)
UCLA Ronald Regan,HB LIPID PANEL,3018006100,CDM,80061,CPT/HCPCS Code,48,Internal Code,301,Revenue Code,NULL,outpatient,NULL,NULL,130,71.5,Kaiser,Medicare,NULL,68.9,53,NULL,NULL,percent of total billed charges,0.01,130,NULL,Cholesterol & Lipid Blood Test,Kaiser Permanente,Medicare Advantage Plans
UCLA Ronald Regan,HB LIPID PANEL,3018006100,CDM,80061,CPT/HCPCS Code,48,Internal Code,301,Revenue Code,NULL,outpatient,NULL,NULL,130,71.5,Cigna,PPO,NULL,97.85,75,NULL,NULL,percent of total billed charges,0.01,130,NULL,Cholesterol & Lipid Blood Test,Cigna,Commercial (PPO/HMO)
UCLA Ronald Regan,HB LIPID PANEL,3018006100,CDM,80061,CPT/HCPCS Code,48,Internal Code,301,Revenue Code,NULL,outpatient,NULL,NULL,130,71.5,Aetna Medicare,Medicare,NULL,13.39,100,NULL,NULL,fee schedule,0.01,130,NULL,Cholesterol & Lipid Blood Test,Aetna,Medicare Advantage
mayo-clinic-rochester,76856 Anesthesia for Complete Ultrasound Scan of Pelvis,PX-A76856,CDM,A76856,LOCAL,NULL,NULL,NULL,NULL,professional,outpatient,NULL,NULL,NULL,NULL,15_AETNA,ALL PRODUCTS,NULL,NULL,NULL,NULL,NULL,percent of total billed charges,11.9,170,NULL,NULL,Aetna,Commercial (PPO/HMO)
mayo-clinic-rochester,76856 Anesthesia for Complete Ultrasound Scan of Pelvis,PX-A76856,CDM,A76856,LOCAL,NULL,NULL,NULL,NULL,professional,outpatient,NULL,NULL,NULL,NULL,15_BLUE CROSS BLUE SHIELD TRANSPLANT,SPECIALTY,NULL,NULL,NULL,NULL,NULL,percent of total billed charges,11.9,170,NULL,NULL,Blue Cross Blue Shield,Transplant Plans
mayo-clinic-rochester,76856 Anesthesia for Complete Ultrasound Scan of Pelvis,PX-A76856,CDM,A76856,LOCAL,NULL,NULL,NULL,NULL,professional,outpatient,NULL,NULL,NULL,NULL,15_HEALTHSCOPE BENEFITS TRANSPLANT,SPECIALTY,NULL,NULL,NULL,NULL,NULL,percent of total billed charges,11.9,170,NULL,NULL,Healthscope Benefits,Transplant Plans
mayo-clinic-rochester,76856 Anesthesia for Complete Ultrasound Scan of Pelvis,PX-A76856,CDM,A76856,LOCAL,NULL,NULL,NULL,NULL,professional,outpatient,NULL,NULL,NULL,NULL,15_MEDICA,ALL PRODUCTS,NULL,NULL,NULL,NULL,NULL,percent of total billed charges,11.9,170,NULL,NULL,Medica,Commercial (PPO/HMO)
mayo-clinic-rochester,76856 Anesthesia for Complete Ultrasound Scan of Pelvis,PX-A76856,CDM,A76856,LOCAL,NULL,NULL,NULL,NULL,professional,outpatient,NULL,NULL,NULL,NULL,645_HEALTHSCOPE BENEFITS TRANSPLANT,SPECIALTY,NULL,NULL,NULL,NULL,NULL,percent of total billed charges,11.9,170,NULL,NULL,Healthscope Benefits,Transplant Plans
mayo-clinic-rochester,"71045 X-Ray of Chest, 1 View|PROFESSIONAL COMPONENT",PX-71045,CDM,71045,CPT,NULL,NULL,NULL,NULL,professional,outpatient,NULL,NULL,NULL,NULL,15_AETNA,ALL PRODUCTS,NULL,NULL,NULL,NULL,NULL,percent of total billed charges,3.92,171,NULL,NULL,Aetna,Commercial (PPO/HMO)
mayo-clinic-rochester,"71045 X-Ray of Chest, 1 View|TECHNICAL COMPONENT",PX-71045,CDM,71045,CPT,NULL,NULL,NULL,NULL,professional,outpatient,NULL,NULL,NULL,NULL,15_AETNA,ALL PRODUCTS,NULL,NULL,NULL,NULL,NULL,percent of total billed charges,3.92,171,NULL,NULL,Aetna,Commercial (PPO/HMO)
mayo-clinic-rochester,"71045 X-Ray of Chest, 1 View",PX-71045,CDM,71045,CPT,NULL,NULL,NULL,NULL,professional,outpatient,NULL,NULL,NULL,NULL,15_AETNA,ALL PRODUCTS,NULL,NULL,NULL,NULL,NULL,percent of total billed charges,3.92,171,NULL,Chest X-Ray (1 View),Aetna,Commercial (PPO/HMO)
mayo-clinic-rochester,"71045 X-Ray of Chest, 1 View|PROFESSIONAL COMPONENT",PX-71045,CDM,71045,CPT,NULL,NULL,NULL,NULL,professional,outpatient,NULL,NULL,NULL,NULL,15_BLUE CROSS BLUE SHIELD TRANSPLANT,SPECIALTY,NULL,NULL,NULL,NULL,NULL,percent of total billed charges,3.92,171,NULL,NULL,Blue Cross Blue Shield,Transplant Plans
mayo-clinic-rochester,"71045 X-Ray of Chest, 1 View",PX-71045,CDM,71045,CPT,NULL,NULL,NULL,NULL,professional,outpatient,NULL,NULL,NULL,NULL,15_BLUE CROSS BLUE SHIELD TRANSPLANT,SPECIALTY,NULL,NULL,NULL,NULL,NULL,percent of total billed charges,3.92,171,NULL,Chest X-Ray (1 View),Blue Cross Blue Shield,Transplant Plans
mayo-clinic-rochester,"71045 X-Ray of Chest, 1 View|TECHNICAL COMPONENT",PX-71045,CDM,71045,CPT,NULL,NULL,NULL,NULL,professional,outpatient,NULL,NULL,NULL,NULL,15_BLUE CROSS BLUE SHIELD TRANSPLANT,SPECIALTY,NULL,NULL,NULL,NULL,NULL,percent of total billed charges,3.92,171,NULL,NULL,Blue Cross Blue Shield,Transplant Plans
mayo-clinic-rochester,"71045 X-Ray of Chest, 1 View|PROFESSIONAL COMPONENT",PX-71045,CDM,71045,CPT,NULL,NULL,NULL,NULL,professional,outpatient,NULL,NULL,NULL,NULL,15_HEALTHSCOPE BENEFITS TRANSPLANT,SPECIALTY,NULL,NULL,NULL,NULL,NULL,percent of total billed charges,3.92,171,NULL,NULL,Healthscope Benefits,Transplant Plans
mayo-clinic-rochester,"71045 X-Ray of Chest, 1 View",PX-71045,CDM,71045,CPT,NULL,NULL,NULL,NULL,professional,outpatient,NULL,NULL,NULL,NULL,15_HEALTHSCOPE BENEFITS TRANSPLANT,SPECIALTY,NULL,NULL,NULL,NULL,NULL,percent of total billed charges,3.92,171,NULL,Chest X-Ray (1 View),Healthscope Benefits,Transplant Plans
mayo-clinic-rochester,"71045 X-Ray of Chest, 1 View|TECHNICAL COMPONENT",PX-71045,CDM,71045,CPT,NULL,NULL,NULL,NULL,professional,outpatient,NULL,NULL,NULL,NULL,15_HEALTHSCOPE BENEFITS TRANSPLANT,SPECIALTY,NULL,NULL,NULL,NULL,NULL,percent of total billed charges,3.92,171,NULL,NULL,Healthscope Benefits,Transplant Plans
mayo-clinic-rochester,"71045 X-Ray of Chest, 1 View|TECHNICAL COMPONENT",PX-71045,CDM,71045,CPT,NULL,NULL,NULL,NULL,professional,outpatient,NULL,NULL,NULL,NULL,15_MEDICA,ALL PRODUCTS,NULL,NULL,NULL,NULL,NULL,percent of total billed charges,3.92,171,NULL,NULL,Medica,Commercial (PPO/HMO)
mayo-clinic-rochester,"71045 X-Ray of Chest, 1 View|PROFESSIONAL COMPONENT",PX-71045,CDM,71045,CPT,NULL,NULL,NULL,NULL,professional,outpatient,NULL,NULL,NULL,NULL,15_MEDICA,ALL PRODUCTS,NULL,NULL,NULL,NULL,NULL,percent of total billed charges,3.92,171,NULL,NULL,Medica,Commercial (PPO/HMO)
mayo-clinic-rochester,"71045 X-Ray of Chest, 1 View",PX-71045,CDM,71045,CPT,NULL,NULL,NULL,NULL,professional,outpatient,NULL,NULL,NULL,NULL,15_MEDICA,ALL PRODUCTS,NULL,NULL,NULL,NULL,NULL,percent of total billed charges,3.92,171,NULL,Chest X-Ray (1 View),Medica,Commercial (PPO/HMO)
mayo-clinic-rochester,"71045 X-Ray of Chest, 1 View",PX-71045,CDM,71045,CPT,NULL,NULL,NULL,NULL,professional,outpatient,NULL,NULL,NULL,NULL,645_HEALTHSCOPE BENEFITS TRANSPLANT,SPECIALTY,NULL,NULL,NULL,NULL,NULL,percent of total billed charges,3.92,171,NULL,Chest X-Ray (1 View),Healthscope Benefits,Transplant Plans
mayo-clinic-rochester,"71045 X-Ray of Chest, 1 View|PROFESSIONAL COMPONENT",PX-71045,CDM,71045,CPT,NULL,NULL,NULL,NULL,professional,outpatient,NULL,NULL,NULL,NULL,645_HEALTHSCOPE BENEFITS TRANSPLANT,SPECIALTY,NULL,NULL,NULL,NULL,NULL,percent of total billed charges,3.92,171,NULL,NULL,Healthscope Benefits,Transplant Plans
mayo-clinic-rochester,"71045 X-Ray of Chest, 1 View|TECHNICAL COMPONENT",PX-71045,CDM,71045,CPT,NULL,NULL,NULL,NULL,professional,outpatient,NULL,NULL,NULL,NULL,645_HEALTHSCOPE BENEFITS TRANSPLANT,SPECIALTY,NULL,NULL,NULL,NULL,NULL,percent of total billed charges,3.92,171,NULL,NULL,Healthscope Benefits,Transplant Plans
mayo-clinic-rochester,36415 Anesthesia for Insertion of Needle Into Vein for Collection of Blood Sample,PX-A36415,CDM,A36415,LOCAL,NULL,NULL,NULL,NULL,professional,outpatient,NULL,NULL,NULL,NULL,15_AETNA,ALL PRODUCTS,NULL,NULL,NULL,NULL,NULL,percent of total billed charges,11.9,170,NULL,NULL,Aetna,Commercial (PPO/HMO)
mayo-clinic-rochester,36415 Anesthesia for Insertion of Needle Into Vein for Collection of Blood Sample,PX-A36415,CDM,A36415,LOCAL,NULL,NULL,NULL,NULL,professional,outpatient,NULL,NULL,NULL,NULL,15_BLUE CROSS BLUE SHIELD TRANSPLANT,SPECIALTY,NULL,NULL,NULL,NULL,NULL,percent of total billed charges,11.9,170,NULL,NULL,Blue Cross Blue Shield,Transplant Plans
mayo-clinic-rochester,36415 Anesthesia for Insertion of Needle Into Vein for Collection of Blood Sample,PX-A36415,CDM,A36415,LOCAL,NULL,NULL,NULL,NULL,professional,outpatient,NULL,NULL,NULL,NULL,15_HEALTHSCOPE BENEFITS TRANSPLANT,SPECIALTY,NULL,NULL,NULL,NULL,NULL,percent of total billed charges,11.9,170,NULL,NULL,Healthscope Benefits,Transplant Plans
mayo-clinic-rochester,36415 Anesthesia for Insertion of Needle Into Vein for Collection of Blood Sample,PX-A36415,CDM,A36415,LOCAL,NULL,NULL,NULL,NULL,professional,outpatient,NULL,NULL,NULL,NULL,15_MEDICA,ALL PRODUCTS,NULL,NULL,NULL,NULL,NULL,percent of total billed charges,11.9,170,NULL,NULL,Medica,Commercial (PPO/HMO)
mayo-clinic-rochester,36415 Anesthesia for Insertion of Needle Into Vein for Collection of Blood Sample,PX-A36415,CDM,A36415,LOCAL,NULL,NULL,NULL,NULL,professional,outpatient,NULL,NULL,NULL,NULL,645_HEALTHSCOPE BENEFITS TRANSPLANT,SPECIALTY,NULL,NULL,NULL,NULL,NULL,percent of total billed charges,11.9,170,NULL,NULL,Healthscope Benefits,Transplant Plans
mayo-clinic-rochester,"71046 X-Ray of Chest, 2 Views|PROFESSIONAL COMPONENT",PX-71046,CDM,71046,CPT,NULL,NULL,NULL,NULL,professional,outpatient,NULL,NULL,NULL,NULL,15_AETNA,ALL PRODUCTS,NULL,NULL,NULL,NULL,NULL,percent of total billed charges,4.41,206,NULL,NULL,Aetna,Commercial (PPO/HMO)
mayo-clinic-rochester,"71046 X-Ray of Chest, 2 Views|TECHNICAL COMPONENT",PX-71046,CDM,71046,CPT,NULL,NULL,NULL,NULL,professional,outpatient,NULL,NULL,NULL,NULL,15_AETNA,ALL PRODUCTS,NULL,NULL,NULL,NULL,NULL,percent of total billed charges,4.41,206,NULL,NULL,Aetna,Commercial (PPO/HMO)
mayo-clinic-rochester,"71046 X-Ray of Chest, 2 Views",PX-71046,CDM,71046,CPT,NULL,NULL,NULL,NULL,professional,outpatient,NULL,NULL,NULL,NULL,15_AETNA,ALL PRODUCTS,NULL,NULL,NULL,NULL,NULL,percent of total billed charges,4.41,206,NULL,NULL,Aetna,Commercial (PPO/HMO)
mayo-clinic-rochester,"71046 X-Ray of Chest, 2 Views|PROFESSIONAL COMPONENT",PX-71046,CDM,71046,CPT,NULL,NULL,NULL,NULL,professional,outpatient,NULL,NULL,NULL,NULL,15_BLUE CROSS BLUE SHIELD TRANSPLANT,SPECIALTY,NULL,NULL,NULL,NULL,NULL,percent of total billed charges,4.41,206,NULL,NULL,Blue Cross Blue Shield,Transplant Plans
mayo-clinic-rochester,"71046 X-Ray of Chest, 2 Views",PX-71046,CDM,71046,CPT,NULL,NULL,NULL,NULL,professional,outpatient,NULL,NULL,NULL,NULL,15_BLUE CROSS BLUE SHIELD TRANSPLANT,SPECIALTY,NULL,NULL,NULL,NULL,NULL,percent of total billed charges,4.41,206,NULL,NULL,Blue Cross Blue Shield,Transplant Plans
mayo-clinic-rochester,"71046 X-Ray of Chest, 2 Views|TECHNICAL COMPONENT",PX-71046,CDM,71046,CPT,NULL,NULL,NULL,NULL,professional,outpatient,NULL,NULL,NULL,NULL,15_BLUE CROSS BLUE SHIELD TRANSPLANT,SPECIALTY,NULL,NULL,NULL,NULL,NULL,percent of total billed charges,4.41,206,NULL,NULL,Blue Cross Blue Shield,Transplant Plans
mayo-clinic-rochester,"71046 X-Ray of Chest, 2 Views|TECHNICAL COMPONENT",PX-71046,CDM,71046,CPT,NULL,NULL,NULL,NULL,professional,outpatient,NULL,NULL,NULL,NULL,15_HEALTHSCOPE BENEFITS TRANSPLANT,SPECIALTY,NULL,NULL,NULL,NULL,NULL,percent of total billed charges,4.41,206,NULL,NULL,Healthscope Benefits,Transplant Plans
mayo-clinic-rochester,"71046 X-Ray of Chest, 2 Views|PROFESSIONAL COMPONENT",PX-71046,CDM,71046,CPT,NULL,NULL,NULL,NULL,professional,outpatient,NULL,NULL,NULL,NULL,15_HEALTHSCOPE BENEFITS TRANSPLANT,SPECIALTY,NULL,NULL,NULL,NULL,NULL,percent of total billed charges,4.41,206,NULL,NULL,Healthscope Benefits,Transplant Plans
mayo-clinic-rochester,"71046 X-Ray of Chest, 2 Views",PX-71046,CDM,71046,CPT,NULL,NULL,NULL,NULL,professional,outpatient,NULL,NULL,NULL,NULL,15_HEALTHSCOPE BENEFITS TRANSPLANT,SPECIALTY,NULL,NULL,NULL,NULL,NULL,percent of total billed charges,4.41,206,NULL,NULL,Healthscope Benefits,Transplant Plans
mayo-clinic-rochester,"71046 X-Ray of Chest, 2 Views|PROFESSIONAL COMPONENT",PX-71046,CDM,71046,CPT,NULL,NULL,NULL,NULL,professional,outpatient,NULL,NULL,NULL,NULL,15_MEDICA,ALL PRODUCTS,NULL,NULL,NULL,NULL,NULL,percent of total billed charges,4.41,206,NULL,NULL,Medica,Commercial (PPO/HMO)
mayo-clinic-rochester,"71046 X-Ray of Chest, 2 Views|TECHNICAL COMPONENT",PX-71046,CDM,71046,CPT,NULL,NULL,NULL,NULL,professional,outpatient,NULL,NULL,NULL,NULL,15_MEDICA,ALL PRODUCTS,NULL,NULL,NULL,NULL,NULL,percent of total billed charges,4.41,206,NULL,NULL,Medica,Commercial (PPO/HMO)
mayo-clinic-rochester,"71046 X-Ray of Chest, 2 Views",PX-71046,CDM,71046,CPT,NULL,NULL,NULL,NULL,professional,outpatient,NULL,NULL,NULL,NULL,15_MEDICA,ALL PRODUCTS,NULL,NULL,NULL,NULL,NULL,percent of total billed charges,4.41,206,NULL,NULL,Medica,Commercial (PPO/HMO)
mayo-clinic-rochester,"71046 X-Ray of Chest, 2 Views",PX-71046,CDM,71046,CPT,NULL,NULL,NULL,NULL,professional,outpatient,NULL,NULL,NULL,NULL,645_HEALTHSCOPE BENEFITS TRANSPLANT,SPECIALTY,NULL,NULL,NULL,NULL,NULL,percent of total billed charges,4.41,206,NULL,NULL,Healthscope Benefits,Transplant Plans
mayo-clinic-rochester,"71046 X-Ray of Chest, 2 Views|PROFESSIONAL COMPONENT",PX-71046,CDM,71046,CPT,NULL,NULL,NULL,NULL,professional,outpatient,NULL,NULL,NULL,NULL,645_HEALTHSCOPE BENEFITS TRANSPLANT,SPECIALTY,NULL,NULL,NULL,NULL,NULL,percent of total billed charges,4.41,206,NULL,NULL,Healthscope Benefits,Transplant Plans
mayo-clinic-rochester,"71046 X-Ray of Chest, 2 Views|TECHNICAL COMPONENT",PX-71046,CDM,71046,CPT,NULL,NULL,NULL,NULL,professional,outpatient,NULL,NULL,NULL,NULL,645_HEALTHSCOPE BENEFITS TRANSPLANT,SPECIALTY,NULL,NULL,NULL,NULL,NULL,percent of total billed charges,4.41,206,NULL,NULL,Healthscope Benefits,Transplant Plans
mayo-clinic-rochester,"Metabolic Panel,Comprehensive",PX-80053,CDM,80053,CPT,NULL,NULL,NULL,NULL,professional,outpatient,NULL,NULL,NULL,NULL,15_AETNA,ALL PRODUCTS,NULL,NULL,NULL,NULL,NULL,percent of total billed charges,7.49,107,NULL,Comprehensive Metabolic Blood Test,Aetna,Commercial (PPO/HMO)
mayo-clinic-rochester,"Metabolic Panel,Comprehensive",PX-80053,CDM,80053,CPT,NULL,NULL,NULL,NULL,professional,outpatient,NULL,NULL,NULL,NULL,15_BLUE CROSS BLUE SHIELD TRANSPLANT,SPECIALTY,NULL,NULL,NULL,NULL,NULL,percent of total billed charges,7.49,107,NULL,Comprehensive Metabolic Blood Test,Blue Cross Blue Shield,Transplant Plans
mayo-clinic-rochester,"Metabolic Panel,Comprehensive",PX-80053,CDM,80053,CPT,NULL,NULL,NULL,NULL,professional,outpatient,NULL,NULL,NULL,NULL,15_HEALTHSCOPE BENEFITS TRANSPLANT,SPECIALTY,NULL,NULL,NULL,NULL,NULL,percent of total billed charges,7.49,107,NULL,Comprehensive Metabolic Blood Test,Healthscope Benefits,Transplant Plans
mayo-clinic-rochester,"Metabolic Panel,Comprehensive",PX-80053,CDM,80053,CPT,NULL,NULL,NULL,NULL,professional,outpatient,NULL,NULL,NULL,NULL,15_MEDICA,ALL PRODUCTS,NULL,NULL,NULL,NULL,NULL,percent of total billed charges,7.49,107,NULL,Comprehensive Metabolic Blood Test,Medica,Commercial (PPO/HMO)
mayo-clinic-rochester,"Metabolic Panel,Comprehensive",PX-80053,CDM,80053,CPT,NULL,NULL,NULL,NULL,professional,outpatient,NULL,NULL,NULL,NULL,645_HEALTHSCOPE BENEFITS TRANSPLANT,SPECIALTY,NULL,NULL,NULL,NULL,NULL,percent of total billed charges,7.49,107,NULL,Comprehensive Metabolic Blood Test,Healthscope Benefits,Transplant Plans
mayo-clinic-rochester,Basic Metabolic Panel Calcium Total,PX-80048,CDM,80048,CPT,NULL,NULL,NULL,NULL,professional,outpatient,NULL,NULL,NULL,NULL,15_AETNA,ALL PRODUCTS,NULL,NULL,NULL,NULL,NULL,percent of total billed charges,6.51,93,NULL,NULL,Aetna,Commercial (PPO/HMO)
mayo-clinic-rochester,Basic Metabolic Panel Calcium Total,PX-80048,CDM,80048,CPT,NULL,NULL,NULL,NULL,professional,outpatient,NULL,NULL,NULL,NULL,15_BLUE CROSS BLUE SHIELD TRANSPLANT,SPECIALTY,NULL,NULL,NULL,NULL,NULL,percent of total billed charges,6.51,93,NULL,NULL,Blue Cross Blue Shield,Transplant Plans
mayo-clinic-rochester,Basic Metabolic Panel Calcium Total,PX-80048,CDM,80048,CPT,NULL,NULL,NULL,NULL,professional,outpatient,NULL,NULL,NULL,NULL,15_HEALTHSCOPE BENEFITS TRANSPLANT,SPECIALTY,NULL,NULL,NULL,NULL,NULL,percent of total billed charges,6.51,93,NULL,NULL,Healthscope Benefits,Transplant Plans
mayo-clinic-rochester,Basic Metabolic Panel Calcium Total,PX-80048,CDM,80048,CPT,NULL,NULL,NULL,NULL,professional,outpatient,NULL,NULL,NULL,NULL,15_MEDICA,ALL PRODUCTS,NULL,NULL,NULL,NULL,NULL,percent of total billed charges,6.51,93,NULL,NULL,Medica,Commercial (PPO/HMO)
mayo-clinic-rochester,Basic Metabolic Panel Calcium Total,PX-80048,CDM,80048,CPT,NULL,NULL,NULL,NULL,professional,outpatient,NULL,NULL,NULL,NULL,645_HEALTHSCOPE BENEFITS TRANSPLANT,SPECIALTY,NULL,NULL,NULL,NULL,NULL,percent of total billed charges,6.51,93,NULL,NULL,Healthscope Benefits,Transplant Plans
mayo-clinic-rochester,PLATE BONE CRANIOMAXILLOFACIAL MANDIBULAR TITANIUM L RIGHT MEDIUM LOCKING LATEX FREE NON STERILE 2X2 HOLE MINI LEVEL ONE 2 2.5X20MM,SUP-00888118006189,CDM,C1713,HCPCS,278,RC,NULL,NULL,facility,outpatient,NULL,NULL,NULL,NULL,754_MEDICA,ALL PRODUCTS,NULL,NULL,NULL,NULL,NULL,percent of total billed charges,80.39,386.5,NULL,NULL,Medica,Commercial (PPO/HMO)
mayo-clinic-rochester,PLATE BONE CRANIOMAXILLOFACIAL MANDIBULAR TITANIUM L RIGHT MEDIUM LOCKING LATEX FREE NON STERILE 2X2 HOLE MINI LEVEL ONE 2 2.5X20MM,SUP-00888118006189,CDM,C1713,HCPCS,278,RC,NULL,NULL,facility,outpatient,NULL,NULL,NULL,NULL,1025_AETNA,MISC. GOVERNMENT,NULL,NULL,NULL,NULL,NULL,percent of total billed charges,80.39,386.5,NULL,NULL,Aetna,Federal/State Plan
mayo-clinic-rochester,Lipid Panel,PX-80061,CDM,80061,CPT,NULL,NULL,NULL,NULL,professional,outpatient,NULL,NULL,NULL,NULL,15_AETNA,ALL PRODUCTS,NULL,NULL,NULL,NULL,NULL,percent of total billed charges,8.89,127,NULL,Cholesterol & Lipid Blood Test,Aetna,Commercial (PPO/HMO)
mayo-clinic-rochester,Lipid Panel,PX-80061,CDM,80061,CPT,NULL,NULL,NULL,NULL,professional,outpatient,NULL,NULL,NULL,NULL,15_BLUE CROSS BLUE SHIELD TRANSPLANT,SPECIALTY,NULL,NULL,NULL,NULL,NULL,percent of total billed charges,8.89,127,NULL,Cholesterol & Lipid Blood Test,Blue Cross Blue Shield,Transplant Plans
mayo-clinic-rochester,Lipid Panel,PX-80061,CDM,80061,CPT,NULL,NULL,NULL,NULL,professional,outpatient,NULL,NULL,NULL,NULL,15_HEALTHSCOPE BENEFITS TRANSPLANT,SPECIALTY,NULL,NULL,NULL,NULL,NULL,percent of total billed charges,8.89,127,NULL,Cholesterol & Lipid Blood Test,Healthscope Benefits,Transplant Plans
mayo-clinic-rochester,Lipid Panel,PX-80061,CDM,80061,CPT,NULL,NULL,NULL,NULL,professional,outpatient,NULL,NULL,NULL,NULL,15_MEDICA,ALL PRODUCTS,NULL,NULL,NULL,NULL,NULL,percent of total billed charges,8.89,127,NULL,Cholesterol & Lipid Blood Test,Medica,Commercial (PPO/HMO)
mayo-clinic-rochester,Lipid Panel,PX-80061,CDM,80061,CPT,NULL,NULL,NULL,NULL,professional,outpatient,NULL,NULL,NULL,NULL,645_HEALTHSCOPE BENEFITS TRANSPLANT,SPECIALTY,NULL,NULL,NULL,NULL,NULL,percent of total billed charges,8.89,127,NULL,Cholesterol & Lipid Blood Test,Healthscope Benefits,Transplant Plans
mayo-clinic-rochester,"Metabolic Panel,Comprehensive - Facility",PX-301000171,CDM,80053,CPT,301,RC,NULL,NULL,facility,outpatient,NULL,NULL,NULL,NULL,754_MEDICA,ALL PRODUCTS,NULL,NULL,NULL,NULL,NULL,percent of total billed charges,10.77,107,NULL,Comprehensive Metabolic Blood Test,Medica,Commercial (PPO/HMO)
mayo-clinic-rochester,"Metabolic Panel,Comprehensive - Facility",PX-301000171,CDM,80053,CPT,301,RC,NULL,NULL,facility,outpatient,NULL,NULL,NULL,NULL,1025_AETNA,MISC. GOVERNMENT,NULL,NULL,NULL,NULL,NULL,percent of total billed charges,10.77,107,NULL,Comprehensive Metabolic Blood Test,Aetna,Federal/State Plan
mayo-clinic-rochester,"71046 X-Ray of Chest, 2 Views Facility|TECHNICAL COMPONENT",PX-324000011,CDM,71046,CPT,324,RC,NULL,NULL,facility,outpatient,NULL,NULL,NULL,NULL,754_MEDICA,ALL PRODUCTS,NULL,NULL,NULL,NULL,NULL,percent of total billed charges,49.92,240,NULL,NULL,Medica,Commercial (PPO/HMO)
mayo-clinic-rochester,"71046 X-Ray of Chest, 2 Views Facility|TECHNICAL COMPONENT",PX-324000011,CDM,71046,CPT,324,RC,NULL,NULL,facility,outpatient,NULL,NULL,NULL,NULL,1025_AETNA,MISC. GOVERNMENT,NULL,NULL,NULL,NULL,NULL,percent of total billed charges,49.92,240,NULL,NULL,Aetna,Federal/State Plan
mayo-clinic-rochester,KIT RF COOLIEF 150-4,SUP-00193493000173,CDM,272000379,LOCAL,272,RC,NULL,NULL,facility,outpatient,NULL,NULL,NULL,NULL,754_MEDICA,ALL PRODUCTS,NULL,NULL,NULL,NULL,NULL,percent of total billed charges,1248,6000,NULL,NULL,Medica,Commercial (PPO/HMO)
mayo-clinic-rochester,KIT RF COOLIEF 150-4,SUP-00193493000173,CDM,272000379,LOCAL,272,RC,NULL,NULL,facility,outpatient,NULL,NULL,NULL,NULL,1025_AETNA,MISC. GOVERNMENT,NULL,NULL,NULL,NULL,NULL,percent of total billed charges,1248,6000,NULL,NULL,Aetna,Federal/State Plan
mayo-clinic-rochester,Complete Cbc & Auto Diff Wbc,PX-85025,CDM,85025,CPT,NULL,NULL,NULL,NULL,professional,outpatient,NULL,NULL,NULL,NULL,15_AETNA,ALL PRODUCTS,NULL,NULL,NULL,NULL,NULL,percent of total billed charges,5.04,72,NULL,Complete Blood Count (CBC) with Differential,Aetna,Commercial (PPO/HMO)
mayo-clinic-rochester,Complete Cbc & Auto Diff Wbc,PX-85025,CDM,85025,CPT,NULL,NULL,NULL,NULL,professional,outpatient,NULL,NULL,NULL,NULL,15_BLUE CROSS BLUE SHIELD TRANSPLANT,SPECIALTY,NULL,NULL,NULL,NULL,NULL,percent of total billed charges,5.04,72,NULL,Complete Blood Count (CBC) with Differential,Blue Cross Blue Shield,Transplant Plans
mayo-clinic-rochester,Complete Cbc & Auto Diff Wbc,PX-85025,CDM,85025,CPT,NULL,NULL,NULL,NULL,professional,outpatient,NULL,NULL,NULL,NULL,15_HEALTHSCOPE BENEFITS TRANSPLANT,SPECIALTY,NULL,NULL,NULL,NULL,NULL,percent of total billed charges,5.04,72,NULL,Complete Blood Count (CBC) with Differential,Healthscope Benefits,Transplant Plans
mayo-clinic-rochester,Complete Cbc & Auto Diff Wbc,PX-85025,CDM,85025,CPT,NULL,NULL,NULL,NULL,professional,outpatient,NULL,NULL,NULL,NULL,15_MEDICA,ALL PRODUCTS,NULL,NULL,NULL,NULL,NULL,percent of total billed charges,5.04,72,NULL,Complete Blood Count (CBC) with Differential,Medica,Commercial (PPO/HMO)
mayo-clinic-rochester,Complete Cbc & Auto Diff Wbc,PX-85025,CDM,85025,CPT,NULL,NULL,NULL,NULL,professional,outpatient,NULL,NULL,NULL,NULL,645_HEALTHSCOPE BENEFITS TRANSPLANT,SPECIALTY,NULL,NULL,NULL,NULL,NULL,percent of total billed charges,5.04,72,NULL,Complete Blood Count (CBC) with Differential,Healthscope Benefits,Transplant Plans
mayo-clinic-rochester,"71045 X-Ray of Chest, 1 View Facility|TECHNICAL COMPONENT",PX-324000010,CDM,71045,CPT,324,RC,NULL,NULL,facility,outpatient,NULL,NULL,NULL,NULL,754_MEDICA,ALL PRODUCTS,NULL,NULL,NULL,NULL,NULL,percent of total billed charges,36.82,177,NULL,NULL,Medica,Commercial (PPO/HMO)
mayo-clinic-rochester,"71045 X-Ray of Chest, 1 View Facility|TECHNICAL COMPONENT",PX-324000010,CDM,71045,CPT,324,RC,NULL,NULL,facility,outpatient,NULL,NULL,NULL,NULL,1025_AETNA,MISC. GOVERNMENT,NULL,NULL,NULL,NULL,NULL,percent of total billed charges,36.82,177,NULL,NULL,Aetna,Federal/State Plan
mayo-clinic-rochester,"71046 X-Ray of Chest, 2 Views|PROFESSIONAL COMPONENT",PX-71046001,CDM,71046,CPT,NULL,NULL,NULL,NULL,professional,outpatient,NULL,NULL,NULL,NULL,15_AETNA,ALL PRODUCTS,NULL,NULL,NULL,NULL,NULL,percent of total billed charges,5.11,206,NULL,NULL,Aetna,Commercial (PPO/HMO)
mayo-clinic-rochester,"71046 X-Ray of Chest, 2 Views",PX-71046001,CDM,71046,CPT,NULL,NULL,NULL,NULL,professional,outpatient,NULL,NULL,NULL,NULL,15_AETNA,ALL PRODUCTS,NULL,NULL,NULL,NULL,NULL,percent of total billed charges,5.11,206,NULL,NULL,Aetna,Commercial (PPO/HMO)
mayo-clinic-rochester,"71046 X-Ray of Chest, 2 Views|PROFESSIONAL COMPONENT",PX-71046001,CDM,71046,CPT,NULL,NULL,NULL,NULL,professional,outpatient,NULL,NULL,NULL,NULL,15_BLUE CROSS BLUE SHIELD TRANSPLANT,SPECIALTY,NULL,NULL,NULL,NULL,NULL,percent of total billed charges,5.11,206,NULL,NULL,Blue Cross Blue Shield,Transplant Plans
mayo-clinic-rochester,"71046 X-Ray of Chest, 2 Views",PX-71046001,CDM,71046,CPT,NULL,NULL,NULL,NULL,professional,outpatient,NULL,NULL,NULL,NULL,15_BLUE CROSS BLUE SHIELD TRANSPLANT,SPECIALTY,NULL,NULL,NULL,NULL,NULL,percent of total billed charges,5.11,206,NULL,NULL,Blue Cross Blue Shield,Transplant Plans
mayo-clinic-rochester,"71046 X-Ray of Chest, 2 Views|PROFESSIONAL COMPONENT",PX-71046001,CDM,71046,CPT,NULL,NULL,NULL,NULL,professional,outpatient,NULL,NULL,NULL,NULL,15_HEALTHSCOPE BENEFITS TRANSPLANT,SPECIALTY,NULL,NULL,NULL,NULL,NULL,percent of total billed charges,5.11,206,NULL,NULL,Healthscope Benefits,Transplant Plans
mayo-clinic-rochester,"71046 X-Ray of Chest, 2 Views",PX-71046001,CDM,71046,CPT,NULL,NULL,NULL,NULL,professional,outpatient,NULL,NULL,NULL,NULL,15_HEALTHSCOPE BENEFITS TRANSPLANT,SPECIALTY,NULL,NULL,NULL,NULL,NULL,percent of total billed charges,5.11,206,NULL,NULL,Healthscope Benefits,Transplant Plans
mayo-clinic-rochester,"71046 X-Ray of Chest, 2 Views",PX-71046001,CDM,71046,CPT,NULL,NULL,NULL,NULL,professional,outpatient,NULL,NULL,NULL,NULL,15_MEDICA,ALL PRODUCTS,NULL,NULL,NULL,NULL,NULL,percent of total billed charges,5.11,206,NULL,NULL,Medica,Commercial (PPO/HMO)
mayo-clinic-rochester,"71046 X-Ray of Chest, 2 Views|PROFESSIONAL COMPONENT",PX-71046001,CDM,71046,CPT,NULL,NULL,NULL,NULL,professional,outpatient,NULL,NULL,NULL,NULL,15_MEDICA,ALL PRODUCTS,NULL,NULL,NULL,NULL,NULL,percent of total billed charges,5.11,206,NULL,NULL,Medica,Commercial (PPO/HMO)
mayo-clinic-rochester,"71046 X-Ray of Chest, 2 Views",PX-71046001,CDM,71046,CPT,NULL,NULL,NULL,NULL,professional,outpatient,NULL,NULL,NULL,NULL,645_HEALTHSCOPE BENEFITS TRANSPLANT,SPECIALTY,NULL,NULL,NULL,NULL,NULL,percent of total billed charges,5.11,206,NULL,NULL,Healthscope Benefits,Transplant Plans
mayo-clinic-rochester,"71046 X-Ray of Chest, 2 Views|PROFESSIONAL COMPONENT",PX-71046001,CDM,71046,CPT,NULL,NULL,NULL,NULL,professional,outpatient,NULL,NULL,NULL,NULL,645_HEALTHSCOPE BENEFITS TRANSPLANT,SPECIALTY,NULL,NULL,NULL,NULL,NULL,percent of total billed charges,5.11,206,NULL,NULL,Healthscope Benefits,Transplant Plans
mayo-clinic-rochester,93000 Routine Electrocardiogram (Ecg) Using at Least 12 Leads With Interpretation and Report,PX-93000,CDM,93000,CPT,NULL,NULL,NULL,NULL,professional,outpatient,NULL,NULL,NULL,NULL,15_AETNA,ALL PRODUCTS,NULL,NULL,NULL,NULL,NULL,percent of total billed charges,11.46,278,NULL,ECG (Heart Test) with Report,Aetna,Commercial (PPO/HMO)
mayo-clinic-rochester,93000 Routine Electrocardiogram (Ecg) Using at Least 12 Leads With Interpretation and Report,PX-93000,CDM,93000,CPT,NULL,NULL,NULL,NULL,professional,outpatient,NULL,NULL,NULL,NULL,15_BLUE CROSS BLUE SHIELD TRANSPLANT,SPECIALTY,NULL,NULL,NULL,NULL,NULL,percent of total billed charges,11.46,278,NULL,ECG (Heart Test) with Report,Blue Cross Blue Shield,Transplant Plans
mayo-clinic-rochester,93000 Routine Electrocardiogram (Ecg) Using at Least 12 Leads With Interpretation and Report,PX-93000,CDM,93000,CPT,NULL,NULL,NULL,NULL,professional,outpatient,NULL,NULL,NULL,NULL,15_HEALTHSCOPE BENEFITS TRANSPLANT,SPECIALTY,NULL,NULL,NULL,NULL,NULL,percent of total billed charges,11.46,278,NULL,ECG (Heart Test) with Report,Healthscope Benefits,Transplant Plans
mayo-clinic-rochester,93000 Routine Electrocardiogram (Ecg) Using at Least 12 Leads With Interpretation and Report,PX-93000,CDM,93000,CPT,NULL,NULL,NULL,NULL,professional,outpatient,NULL,NULL,NULL,NULL,15_MEDICA,ALL PRODUCTS,NULL,NULL,NULL,NULL,NULL,percent of total billed charges,11.46,278,NULL,ECG (Heart Test) with Report,Medica,Commercial (PPO/HMO)
mayo-clinic-rochester,93000 Routine Electrocardiogram (Ecg) Using at Least 12 Leads With Interpretation and Report,PX-93000,CDM,93000,CPT,NULL,NULL,NULL,NULL,professional,outpatient,NULL,NULL,NULL,NULL,645_HEALTHSCOPE BENEFITS TRANSPLANT,SPECIALTY,NULL,NULL,NULL,NULL,NULL,percent of total billed charges,11.46,278,NULL,ECG (Heart Test) with Report,Healthscope Benefits,Transplant Plans
mayo-clinic-rochester,Complete Cbc & Auto Diff Wbc - Facility,PX-305000016,CDM,85025,CPT,305,RC,NULL,NULL,facility,outpatient,NULL,NULL,NULL,NULL,754_MEDICA,ALL PRODUCTS,NULL,NULL,NULL,NULL,NULL,percent of total billed charges,7.93,72,NULL,Complete Blood Count (CBC) with Differential,Medica,Commercial (PPO/HMO)
mayo-clinic-rochester,Complete Cbc & Auto Diff Wbc - Facility,PX-305000016,CDM,85025,CPT,305,RC,NULL,NULL,facility,outpatient,NULL,NULL,NULL,NULL,1025_AETNA,MISC. GOVERNMENT,NULL,NULL,NULL,NULL,NULL,percent of total billed charges,7.93,72,NULL,Complete Blood Count (CBC) with Differential,Aetna,Federal/State Plan
mayo-clinic-rochester,ABTMNT BELLATEK 4X5X6,SUP-00844868004806,CDM,278000006,LOCAL,278,RC,NULL,NULL,facility,outpatient,NULL,NULL,NULL,NULL,754_MEDICA,ALL PRODUCTS,NULL,NULL,NULL,NULL,NULL,percent of total billed charges,17.18,82.6,NULL,NULL,Medica,Commercial (PPO/HMO)
mayo-clinic-rochester,ABTMNT BELLATEK 4X5X6,SUP-00844868004806,CDM,278000006,LOCAL,278,RC,NULL,NULL,facility,outpatient,NULL,NULL,NULL,NULL,1025_AETNA,MISC. GOVERNMENT,NULL,NULL,NULL,NULL,NULL,percent of total billed charges,17.18,82.6,NULL,NULL,Aetna,Federal/State Plan
mayo-clinic-rochester,DRL BIT HUM 4.5,SUP-ZARTAR771045,CDM,272000379,LOCAL,272,RC,NULL,NULL,facility,outpatient,NULL,NULL,NULL,NULL,754_MEDICA,ALL PRODUCTS,NULL,NULL,NULL,NULL,NULL,percent of total billed charges,159.07,764.78,NULL,NULL,Medica,Commercial (PPO/HMO)
mayo-clinic-rochester,DRL BIT HUM 4.5,SUP-ZARTAR771045,CDM,272000379,LOCAL,272,RC,NULL,NULL,facility,outpatient,NULL,NULL,NULL,NULL,1025_AETNA,MISC. GOVERNMENT,NULL,NULL,NULL,NULL,NULL,percent of total billed charges,159.07,764.78,NULL,NULL,Aetna,Federal/State Plan
mayo-clinic-rochester,36415 Insertion of Needle Into Vein for Collection of Blood Sample,PX-36415,CDM,36415,CPT,NULL,NULL,NULL,NULL,professional,outpatient,NULL,NULL,NULL,NULL,15_AETNA,ALL PRODUCTS,NULL,NULL,NULL,NULL,NULL,percent of total billed charges,2.24,32,NULL,Blood Sample Collection,Aetna,Commercial (PPO/HMO)
mayo-clinic-rochester,36415 Insertion of Needle Into Vein for Collection of Blood Sample,PX-36415,CDM,36415,CPT,NULL,NULL,NULL,NULL,professional,outpatient,NULL,NULL,NULL,NULL,15_BLUE CROSS BLUE SHIELD TRANSPLANT,SPECIALTY,NULL,NULL,NULL,NULL,NULL,percent of total billed charges,2.24,32,NULL,Blood Sample Collection,Blue Cross Blue Shield,Transplant Plans
mayo-clinic-rochester,36415 Insertion of Needle Into Vein for Collection of Blood Sample,PX-36415,CDM,36415,CPT,NULL,NULL,NULL,NULL,professional,outpatient,NULL,NULL,NULL,NULL,15_HEALTHSCOPE BENEFITS TRANSPLANT,SPECIALTY,NULL,NULL,NULL,NULL,NULL,percent of total billed charges,2.24,32,NULL,Blood Sample Collection,Healthscope Benefits,Transplant Plans
mayo-clinic-rochester,36415 Insertion of Needle Into Vein for Collection of Blood Sample,PX-36415,CDM,36415,CPT,NULL,NULL,NULL,NULL,professional,outpatient,NULL,NULL,NULL,NULL,15_MEDICA,ALL PRODUCTS,NULL,NULL,NULL,NULL,NULL,percent of total billed charges,2.24,32,NULL,Blood Sample Collection,Medica,Commercial (PPO/HMO)
mayo-clinic-rochester,36415 Insertion of Needle Into Vein for Collection of Blood Sample,PX-36415,CDM,36415,CPT,NULL,NULL,NULL,NULL,professional,outpatient,NULL,NULL,NULL,NULL,645_HEALTHSCOPE BENEFITS TRANSPLANT,SPECIALTY,NULL,NULL,NULL,NULL,NULL,percent of total billed charges,2.24,32,NULL,Blood Sample Collection,Healthscope Benefits,Transplant Plans
mayo-clinic-rochester,73718 MRI Scan of Leg Without Contrast|PROFESSIONAL COMPONENT,PX-73718,CDM,73718,CPT,NULL,NULL,NULL,NULL,professional,outpatient,NULL,NULL,NULL,NULL,15_AETNA,ALL PRODUCTS,NULL,NULL,NULL,NULL,NULL,percent of total billed charges,49.98,2617,NULL,NULL,Aetna,Commercial (PPO/HMO)
mayo-clinic-rochester,73718 MRI Scan of Leg Without Contrast|TECHNICAL COMPONENT,PX-73718,CDM,73718,CPT,NULL,NULL,NULL,NULL,professional,outpatient,NULL,NULL,NULL,NULL,15_AETNA,ALL PRODUCTS,NULL,NULL,NULL,NULL,NULL,percent of total billed charges,49.98,2617,NULL,NULL,Aetna,Commercial (PPO/HMO)
mayo-clinic-rochester,73718 MRI Scan of Leg Without Contrast,PX-73718,CDM,73718,CPT,NULL,NULL,NULL,NULL,professional,outpatient,NULL,NULL,NULL,NULL,15_AETNA,ALL PRODUCTS,NULL,NULL,NULL,NULL,NULL,percent of total billed charges,49.98,2617,NULL,"MRI Scan (Leg, No Contrast)",Aetna,Commercial (PPO/HMO)
mayo-clinic-rochester,73718 MRI Scan of Leg Without Contrast|TECHNICAL COMPONENT,PX-73718,CDM,73718,CPT,NULL,NULL,NULL,NULL,professional,outpatient,NULL,NULL,NULL,NULL,15_BLUE CROSS BLUE SHIELD TRANSPLANT,SPECIALTY,NULL,NULL,NULL,NULL,NULL,percent of total billed charges,49.98,2617,NULL,NULL,Blue Cross Blue Shield,Transplant Plans
mayo-clinic-rochester,73718 MRI Scan of Leg Without Contrast|PROFESSIONAL COMPONENT,PX-73718,CDM,73718,CPT,NULL,NULL,NULL,NULL,professional,outpatient,NULL,NULL,NULL,NULL,15_BLUE CROSS BLUE SHIELD TRANSPLANT,SPECIALTY,NULL,NULL,NULL,NULL,NULL,percent of total billed charges,49.98,2617,NULL,NULL,Blue Cross Blue Shield,Transplant Plans
mayo-clinic-rochester,73718 MRI Scan of Leg Without Contrast,PX-73718,CDM,73718,CPT,NULL,NULL,NULL,NULL,professional,outpatient,NULL,NULL,NULL,NULL,15_BLUE CROSS BLUE SHIELD TRANSPLANT,SPECIALTY,NULL,NULL,NULL,NULL,NULL,percent of total billed charges,49.98,2617,NULL,"MRI Scan (Leg, No Contrast)",Blue Cross Blue Shield,Transplant Plans
mayo-clinic-rochester,73718 MRI Scan of Leg Without Contrast|TECHNICAL COMPONENT,PX-73718,CDM,73718,CPT,NULL,NULL,NULL,NULL,professional,outpatient,NULL,NULL,NULL,NULL,15_HEALTHSCOPE BENEFITS TRANSPLANT,SPECIALTY,NULL,NULL,NULL,NULL,NULL,percent of total billed charges,49.98,2617,NULL,NULL,Healthscope Benefits,Transplant Plans
mayo-clinic-rochester,73718 MRI Scan of Leg Without Contrast,PX-73718,CDM,73718,CPT,NULL,NULL,NULL,NULL,professional,outpatient,NULL,NULL,NULL,NULL,15_HEALTHSCOPE BENEFITS TRANSPLANT,SPECIALTY,NULL,NULL,NULL,NULL,NULL,percent of total billed charges,49.98,2617,NULL,"MRI Scan (Leg, No Contrast)",Healthscope Benefits,Transplant Plans
mayo-clinic-rochester,73718 MRI Scan of Leg Without Contrast|PROFESSIONAL COMPONENT,PX-73718,CDM,73718,CPT,NULL,NULL,NULL,NULL,professional,outpatient,NULL,NULL,NULL,NULL,15_HEALTHSCOPE BENEFITS TRANSPLANT,SPECIALTY,NULL,NULL,NULL,NULL,NULL,percent of total billed charges,49.98,2617,NULL,NULL,Healthscope Benefits,Transplant Plans
mayo-clinic-rochester,73718 MRI Scan of Leg Without Contrast,PX-73718,CDM,73718,CPT,NULL,NULL,NULL,NULL,professional,outpatient,NULL,NULL,NULL,NULL,15_MEDICA,ALL PRODUCTS,NULL,NULL,NULL,NULL,NULL,percent of total billed charges,49.98,2617,NULL,"MRI Scan (Leg, No Contrast)",Medica,Commercial (PPO/HMO)
mayo-clinic-rochester,73718 MRI Scan of Leg Without Contrast|PROFESSIONAL COMPONENT,PX-73718,CDM,73718,CPT,NULL,NULL,NULL,NULL,professional,outpatient,NULL,NULL,NULL,NULL,15_MEDICA,ALL PRODUCTS,NULL,NULL,NULL,NULL,NULL,percent of total billed charges,49.98,2617,NULL,NULL,Medica,Commercial (PPO/HMO)
mayo-clinic-rochester,73718 MRI Scan of Leg Without Contrast|TECHNICAL COMPONENT,PX-73718,CDM,73718,CPT,NULL,NULL,NULL,NULL,professional,outpatient,NULL,NULL,NULL,NULL,15_MEDICA,ALL PRODUCTS,NULL,NULL,NULL,NULL,NULL,percent of total billed charges,49.98,2617,NULL,NULL,Medica,Commercial (PPO/HMO)
mayo-clinic-rochester,73718 MRI Scan of Leg Without Contrast|PROFESSIONAL COMPONENT,PX-73718,CDM,73718,CPT,NULL,NULL,NULL,NULL,professional,outpatient,NULL,NULL,NULL,NULL,645_HEALTHSCOPE BENEFITS TRANSPLANT,SPECIALTY,NULL,NULL,NULL,NULL,NULL,percent of total billed charges,49.98,2617,NULL,NULL,Healthscope Benefits,Transplant Plans
mayo-clinic-rochester,73718 MRI Scan of Leg Without Contrast,PX-73718,CDM,73718,CPT,NULL,NULL,NULL,NULL,professional,outpatient,NULL,NULL,NULL,NULL,645_HEALTHSCOPE BENEFITS TRANSPLANT,SPECIALTY,NULL,NULL,NULL,NULL,NULL,percent of total billed charges,49.98,2617,NULL,"MRI Scan (Leg, No Contrast)",Healthscope Benefits,Transplant Plans
mayo-clinic-rochester,73718 MRI Scan of Leg Without Contrast|TECHNICAL COMPONENT,PX-73718,CDM,73718,CPT,NULL,NULL,NULL,NULL,professional,outpatient,NULL,NULL,NULL,NULL,645_HEALTHSCOPE BENEFITS TRANSPLANT,SPECIALTY,NULL,NULL,NULL,NULL,NULL,percent of total billed charges,49.98,2617,NULL,NULL,Healthscope Benefits,Transplant Plans
mayo-clinic-rochester,"71045 X-Ray of Chest, 1 View|PROFESSIONAL COMPONENT",PX-71045001,CDM,71045,CPT,NULL,NULL,NULL,NULL,professional,outpatient,NULL,NULL,NULL,NULL,15_AETNA,ALL PRODUCTS,NULL,NULL,NULL,NULL,NULL,percent of total billed charges,3.92,171,NULL,NULL,Aetna,Commercial (PPO/HMO)
mayo-clinic-rochester,"71045 X-Ray of Chest, 1 View",PX-71045001,CDM,71045,CPT,NULL,NULL,NULL,NULL,professional,outpatient,NULL,NULL,NULL,NULL,15_AETNA,ALL PRODUCTS,NULL,NULL,NULL,NULL,NULL,percent of total billed charges,3.92,171,NULL,Chest X-Ray (1 View),Aetna,Commercial (PPO/HMO)
mayo-clinic-rochester,"71045 X-Ray of Chest, 1 View|PROFESSIONAL COMPONENT",PX-71045001,CDM,71045,CPT,NULL,NULL,NULL,NULL,professional,outpatient,NULL,NULL,NULL,NULL,15_BLUE CROSS BLUE SHIELD TRANSPLANT,SPECIALTY,NULL,NULL,NULL,NULL,NULL,percent of total billed charges,3.92,171,NULL,NULL,Blue Cross Blue Shield,Transplant Plans
mayo-clinic-rochester,"71045 X-Ray of Chest, 1 View",PX-71045001,CDM,71045,CPT,NULL,NULL,NULL,NULL,professional,outpatient,NULL,NULL,NULL,NULL,15_BLUE CROSS BLUE SHIELD TRANSPLANT,SPECIALTY,NULL,NULL,NULL,NULL,NULL,percent of total billed charges,3.92,171,NULL,Chest X-Ray (1 View),Blue Cross Blue Shield,Transplant Plans
mayo-clinic-rochester,"71045 X-Ray of Chest, 1 View",PX-71045001,CDM,71045,CPT,NULL,NULL,NULL,NULL,professional,outpatient,NULL,NULL,NULL,NULL,15_HEALTHSCOPE BENEFITS TRANSPLANT,SPECIALTY,NULL,NULL,NULL,NULL,NULL,percent of total billed charges,3.92,171,NULL,Chest X-Ray (1 View),Healthscope Benefits,Transplant Plans
mayo-clinic-rochester,"71045 X-Ray of Chest, 1 View|PROFESSIONAL COMPONENT",PX-71045001,CDM,71045,CPT,NULL,NULL,NULL,NULL,professional,outpatient,NULL,NULL,NULL,NULL,15_HEALTHSCOPE BENEFITS TRANSPLANT,SPECIALTY,NULL,NULL,NULL,NULL,NULL,percent of total billed charges,3.92,171,NULL,NULL,Healthscope Benefits,Transplant Plans
mayo-clinic-rochester,"71045 X-Ray of Chest, 1 View",PX-71045001,CDM,71045,CPT,NULL,NULL,NULL,NULL,professional,outpatient,NULL,NULL,NULL,NULL,15_MEDICA,ALL PRODUCTS,NULL,NULL,NULL,NULL,NULL,percent of total billed charges,3.92,171,NULL,Chest X-Ray (1 View),Medica,Commercial (PPO/HMO)
mayo-clinic-rochester,"71045 X-Ray of Chest, 1 View|PROFESSIONAL COMPONENT",PX-71045001,CDM,71045,CPT,NULL,NULL,NULL,NULL,professional,outpatient,NULL,NULL,NULL,NULL,15_MEDICA,ALL PRODUCTS,NULL,NULL,NULL,NULL,NULL,percent of total billed charges,3.92,171,NULL,NULL,Medica,Commercial (PPO/HMO)
mayo-clinic-rochester,"71045 X-Ray of Chest, 1 View",PX-71045001,CDM,71045,CPT,NULL,NULL,NULL,NULL,professional,outpatient,NULL,NULL,NULL,NULL,645_HEALTHSCOPE BENEFITS TRANSPLANT,SPECIALTY,NULL,NULL,NULL,NULL,NULL,percent of total billed charges,3.92,171,NULL,Chest X-Ray (1 View),Healthscope Benefits,Transplant Plans
mayo-clinic-rochester,"71045 X-Ray of Chest, 1 View|PROFESSIONAL COMPONENT",PX-71045001,CDM,71045,CPT,NULL,NULL,NULL,NULL,professional,outpatient,NULL,NULL,NULL,NULL,645_HEALTHSCOPE BENEFITS TRANSPLANT,SPECIALTY,NULL,NULL,NULL,NULL,NULL,percent of total billed charges,3.92,171,NULL,NULL,Healthscope Benefits,Transplant Plans
mayo-clinic-rochester,Basic Metabolic Panel Calcium Total - Facility,PX-301000091,CDM,80048,CPT,301,RC,NULL,NULL,facility,outpatient,NULL,NULL,NULL,NULL,754_MEDICA,ALL PRODUCTS,NULL,NULL,NULL,NULL,NULL,percent of total billed charges,8.63,93,NULL,NULL,Medica,Commercial (PPO/HMO)
mayo-clinic-rochester,Basic Metabolic Panel Calcium Total - Facility,PX-301000091,CDM,80048,CPT,301,RC,NULL,NULL,facility,outpatient,NULL,NULL,NULL,NULL,1025_AETNA,MISC. GOVERNMENT,NULL,NULL,NULL,NULL,NULL,percent of total billed charges,8.63,93,NULL,NULL,Aetna,Federal/State Plan
mayo-clinic-rochester,73718 Anesthesia for MRI Scan of Leg Without Contrast,PX-A73718,CDM,A73718,LOCAL,NULL,NULL,NULL,NULL,professional,outpatient,NULL,NULL,NULL,NULL,15_AETNA,ALL PRODUCTS,NULL,NULL,NULL,NULL,NULL,percent of total billed charges,11.9,170,NULL,NULL,Aetna,Commercial (PPO/HMO)
mayo-clinic-rochester,73718 Anesthesia for MRI Scan of Leg Without Contrast,PX-A73718,CDM,A73718,LOCAL,NULL,NULL,NULL,NULL,professional,outpatient,NULL,NULL,NULL,NULL,15_BLUE CROSS BLUE SHIELD TRANSPLANT,SPECIALTY,NULL,NULL,NULL,NULL,NULL,percent of total billed charges,11.9,170,NULL,NULL,Blue Cross Blue Shield,Transplant Plans
mayo-clinic-rochester,73718 Anesthesia for MRI Scan of Leg Without Contrast,PX-A73718,CDM,A73718,LOCAL,NULL,NULL,NULL,NULL,professional,outpatient,NULL,NULL,NULL,NULL,15_HEALTHSCOPE BENEFITS TRANSPLANT,SPECIALTY,NULL,NULL,NULL,NULL,NULL,percent of total billed charges,11.9,170,NULL,NULL,Healthscope Benefits,Transplant Plans
mayo-clinic-rochester,73718 Anesthesia for MRI Scan of Leg Without Contrast,PX-A73718,CDM,A73718,LOCAL,NULL,NULL,NULL,NULL,professional,outpatient,NULL,NULL,NULL,NULL,15_MEDICA,ALL PRODUCTS,NULL,NULL,NULL,NULL,NULL,percent of total billed charges,11.9,170,NULL,NULL,Medica,Commercial (PPO/HMO)
mayo-clinic-rochester,73718 Anesthesia for MRI Scan of Leg Without Contrast,PX-A73718,CDM,A73718,LOCAL,NULL,NULL,NULL,NULL,professional,outpatient,NULL,NULL,NULL,NULL,645_HEALTHSCOPE BENEFITS TRANSPLANT,SPECIALTY,NULL,NULL,NULL,NULL,NULL,percent of total billed charges,11.9,170,NULL,NULL,Healthscope Benefits,Transplant Plans
mayo-clinic-rochester,"71045 Anesthesia for X-Ray of Chest, 1 View",PX-A71045,CDM,A71045,LOCAL,NULL,NULL,NULL,NULL,professional,outpatient,NULL,NULL,NULL,NULL,15_AETNA,ALL PRODUCTS,NULL,NULL,NULL,NULL,NULL,percent of total billed charges,11.9,170,NULL,NULL,Aetna,Commercial (PPO/HMO)
mayo-clinic-rochester,"71045 Anesthesia for X-Ray of Chest, 1 View",PX-A71045,CDM,A71045,LOCAL,NULL,NULL,NULL,NULL,professional,outpatient,NULL,NULL,NULL,NULL,15_BLUE CROSS BLUE SHIELD TRANSPLANT,SPECIALTY,NULL,NULL,NULL,NULL,NULL,percent of total billed charges,11.9,170,NULL,NULL,Blue Cross Blue Shield,Transplant Plans
mayo-clinic-rochester,"71045 Anesthesia for X-Ray of Chest, 1 View",PX-A71045,CDM,A71045,LOCAL,NULL,NULL,NULL,NULL,professional,outpatient,NULL,NULL,NULL,NULL,15_HEALTHSCOPE BENEFITS TRANSPLANT,SPECIALTY,NULL,NULL,NULL,NULL,NULL,percent of total billed charges,11.9,170,NULL,NULL,Healthscope Benefits,Transplant Plans
mayo-clinic-rochester,"71045 Anesthesia for X-Ray of Chest, 1 View",PX-A71045,CDM,A71045,LOCAL,NULL,NULL,NULL,NULL,professional,outpatient,NULL,NULL,NULL,NULL,15_MEDICA,ALL PRODUCTS,NULL,NULL,NULL,NULL,NULL,percent of total billed charges,11.9,170,NULL,NULL,Medica,Commercial (PPO/HMO)
mayo-clinic-rochester,"71045 Anesthesia for X-Ray of Chest, 1 View",PX-A71045,CDM,A71045,LOCAL,NULL,NULL,NULL,NULL,professional,outpatient,NULL,NULL,NULL,NULL,645_HEALTHSCOPE BENEFITS TRANSPLANT,SPECIALTY,NULL,NULL,NULL,NULL,NULL,percent of total billed charges,11.9,170,NULL,NULL,Healthscope Benefits,Transplant Plans
mayo-clinic-rochester,76856 Complete Ultrasound Scan of Pelvis|PROFESSIONAL COMPONENT,PX-76856,CDM,76856,CPT,NULL,NULL,NULL,NULL,professional,outpatient,NULL,NULL,NULL,NULL,15_AETNA,ALL PRODUCTS,NULL,NULL,NULL,NULL,NULL,percent of total billed charges,11.13,526,NULL,NULL,Aetna,Commercial (PPO/HMO)
mayo-clinic-rochester,76856 Complete Ultrasound Scan of Pelvis,PX-76856,CDM,76856,CPT,NULL,NULL,NULL,NULL,professional,outpatient,NULL,NULL,NULL,NULL,15_AETNA,ALL PRODUCTS,NULL,NULL,NULL,NULL,NULL,percent of total billed charges,11.13,526,NULL,NULL,Aetna,Commercial (PPO/HMO)
mayo-clinic-rochester,76856 Complete Ultrasound Scan of Pelvis,PX-76856,CDM,76856,CPT,NULL,NULL,NULL,NULL,professional,outpatient,NULL,NULL,NULL,NULL,15_BLUE CROSS BLUE SHIELD TRANSPLANT,SPECIALTY,NULL,NULL,NULL,NULL,NULL,percent of total billed charges,11.13,526,NULL,NULL,Blue Cross Blue Shield,Transplant Plans
mayo-clinic-rochester,76856 Complete Ultrasound Scan of Pelvis|PROFESSIONAL COMPONENT,PX-76856,CDM,76856,CPT,NULL,NULL,NULL,NULL,professional,outpatient,NULL,NULL,NULL,NULL,15_BLUE CROSS BLUE SHIELD TRANSPLANT,SPECIALTY,NULL,NULL,NULL,NULL,NULL,percent of total billed charges,11.13,526,NULL,NULL,Blue Cross Blue Shield,Transplant Plans
mayo-clinic-rochester,76856 Complete Ultrasound Scan of Pelvis,PX-76856,CDM,76856,CPT,NULL,NULL,NULL,NULL,professional,outpatient,NULL,NULL,NULL,NULL,15_HEALTHSCOPE BENEFITS TRANSPLANT,SPECIALTY,NULL,NULL,NULL,NULL,NULL,percent of total billed charges,11.13,526,NULL,NULL,Healthscope Benefits,Transplant Plans
mayo-clinic-rochester,76856 Complete Ultrasound Scan of Pelvis|PROFESSIONAL COMPONENT,PX-76856,CDM,76856,CPT,NULL,NULL,NULL,NULL,professional,outpatient,NULL,NULL,NULL,NULL,15_HEALTHSCOPE BENEFITS TRANSPLANT,SPECIALTY,NULL,NULL,NULL,NULL,NULL,percent of total billed charges,11.13,526,NULL,NULL,Healthscope Benefits,Transplant Plans
mayo-clinic-rochester,76856 Complete Ultrasound Scan of Pelvis,PX-76856,CDM,76856,CPT,NULL,NULL,NULL,NULL,professional,outpatient,NULL,NULL,NULL,NULL,15_MEDICA,ALL PRODUCTS,NULL,NULL,NULL,NULL,NULL,percent of total billed charges,11.13,526,NULL,NULL,Medica,Commercial (PPO/HMO)
mayo-clinic-rochester,76856 Complete Ultrasound Scan of Pelvis|PROFESSIONAL COMPONENT,PX-76856,CDM,76856,CPT,NULL,NULL,NULL,NULL,professional,outpatient,NULL,NULL,NULL,NULL,15_MEDICA,ALL PRODUCTS,NULL,NULL,NULL,NULL,NULL,percent of total billed charges,11.13,526,NULL,NULL,Medica,Commercial (PPO/HMO)
mayo-clinic-rochester,76856 Complete Ultrasound Scan of Pelvis|PROFESSIONAL COMPONENT,PX-76856,CDM,76856,CPT,NULL,NULL,NULL,NULL,professional,outpatient,NULL,NULL,NULL,NULL,645_HEALTHSCOPE BENEFITS TRANSPLANT,SPECIALTY,NULL,NULL,NULL,NULL,NULL,percent of total billed charges,11.13,526,NULL,NULL,Healthscope Benefits,Transplant Plans
mayo-clinic-rochester,76856 Complete Ultrasound Scan of Pelvis,PX-76856,CDM,76856,CPT,NULL,NULL,NULL,NULL,professional,outpatient,NULL,NULL,NULL,NULL,645_HEALTHSCOPE BENEFITS TRANSPLANT,SPECIALTY,NULL,NULL,NULL,NULL,NULL,percent of total billed charges,11.13,526,NULL,NULL,Healthscope Benefits,Transplant Plans
mayo-clinic-rochester,Lipid Panel - Facility,PX-301000384,CDM,80061,CPT,301,RC,NULL,NULL,facility,outpatient,NULL,NULL,NULL,NULL,754_MEDICA,ALL PRODUCTS,NULL,NULL,NULL,NULL,NULL,percent of total billed charges,13.66,127,NULL,Cholesterol & Lipid Blood Test,Medica,Commercial (PPO/HMO)
mayo-clinic-rochester,Lipid Panel - Facility,PX-301000384,CDM,80061,CPT,301,RC,NULL,NULL,facility,outpatient,NULL,NULL,NULL,NULL,1025_AETNA,MISC. GOVERNMENT,NULL,NULL,NULL,NULL,NULL,percent of total billed charges,13.66,127,NULL,Cholesterol & Lipid Blood Test,Aetna,Federal/State Plan
mayo-clinic-rochester,76856 Complete Ultrasound Scan of Pelvis Facility|TECHNICAL COMPONENT,PX-402000048,CDM,76856,CPT,402,RC,NULL,NULL,facility,outpatient,NULL,NULL,NULL,NULL,754_MEDICA,ALL PRODUCTS,NULL,NULL,NULL,NULL,NULL,percent of total billed charges,86.04,660,NULL,NULL,Medica,Commercial (PPO/HMO)
mayo-clinic-rochester,76856 Complete Ultrasound Scan of Pelvis Facility|TECHNICAL COMPONENT,PX-402000048,CDM,76856,CPT,402,RC,NULL,NULL,facility,outpatient,NULL,NULL,NULL,NULL,1025_AETNA,MISC. GOVERNMENT,NULL,NULL,NULL,NULL,NULL,percent of total billed charges,86.04,660,NULL,NULL,Aetna,Federal/State Plan
mayo-clinic-rochester,36415 Insertion of Needle Into Vein for Collection of Blood Sample Facility,PX-300000370,CDM,36415,CPT,300,RC,NULL,NULL,facility,outpatient,NULL,NULL,NULL,NULL,754_MEDICA,ALL PRODUCTS,NULL,NULL,NULL,NULL,NULL,percent of total billed charges,9.01,32,NULL,Blood Sample Collection,Medica,Commercial (PPO/HMO)
mayo-clinic-rochester,36415 Insertion of Needle Into Vein for Collection of Blood Sample Facility,PX-300000370,CDM,36415,CPT,300,RC,NULL,NULL,facility,outpatient,NULL,NULL,NULL,NULL,1025_AETNA,MISC. GOVERNMENT,NULL,NULL,NULL,NULL,NULL,percent of total billed charges,9.01,32,NULL,Blood Sample Collection,Aetna,Federal/State Plan